time,Danube,Mississippi / Missouri,Colorado,California,Yangtze Basin,Mekong Basin,Nile,Ganges / Bhramaputra Basin,Congo,Amazon Basin,Murray,Cluster
1998-01-01,5.641346657449418,-19.233495333972822,-34.12003285496172,14.583710019640392,-6.583023817220928,-52.7434402148981,62.217042266125816,-14.198795454439413,3.5329704857634425,-38.14533835077495,71.24254036008415,3
1998-02-01,25.51597957016628,26.532543322534664,62.99358302550124,144.06417318301658,-8.590581233571775,-34.79523275226069,-6.334750437902869,43.784529727521246,-13.979223143385177,-17.491766344008113,56.45713268000395,4
1998-03-01,15.800592301428225,31.514482095149944,15.981069158583525,-29.536332060288306,2.7008450426341604,43.6311651406086,-15.296056181821314,144.1870060654457,-11.902811546986667,-22.658477500404217,-1.5917331351804478,4
1998-04-01,6.118773175199678,88.58426725686138,4.188808926834298,-6.784757623156679,2.102677017695367,103.64790625827942,-5.126556934109914,33.88681237835843,-5.094627099402672,21.54390677417516,-48.34314305687418,5
1998-05-01,6.7414648216651045,43.45617177698011,3.609730506785155,-0.9542230641803258,62.722776806034666,60.898419671973,0.1270309698521785,-15.678132450079552,-12.454806307859954,13.140938631535164,-60.13737016760626,5
1998-06-01,-14.269174244948374,-29.761744807560447,-75.01043119576752,-39.12856084402658,45.52401058274887,20.613283288208294,-4.249793847092468,-25.866680982755707,-5.288930623840898,29.247242360870445,33.57258945849836,2
1998-07-01,-33.928965943744146,-51.90028424940333,-106.82339776410966,-63.57797860390532,1.252164191796112,69.78701571409125,1.063718818627315,-3.482256915632924,12.045086435154047,2.7739499848415505,93.17837771459172,2
1998-08-01,-17.264355994053105,-59.402485688912606,-99.2078289915022,-38.66184221983414,10.197495207295772,1.0686624172668893,-1.9214883770961,-12.26043503791016,17.77382079452562,9.3906342946093,48.05190570974276,8
1998-09-01,-3.4955027550473687,-11.638191652829548,1.7262808135391197,17.630109725548323,-7.732312360756765,-1.5886968449575587,-2.7487783393525547,-10.02229089909125,11.230429459790514,-5.330263727772717,-43.54258734566926,6
1998-10-01,-14.68944610470298,-31.966493042431708,-36.67997098724868,-35.471588167489315,-0.1961101913767393,28.55171210575011,-3.515495968350436,-10.958193510123088,-7.172603539962694,4.479302715722128,-38.40211980336153,7
1998-11-01,-7.305042837022341,-6.13518263881906,-26.96979197421528,35.78775606907912,-3.0836177280659687,3.334156763495063,-19.45434504879958,-13.790124707428014,-11.382264863385828,-3.566202148813659,85.54804150077433,6
1998-12-01,25.34254794100185,12.884322269280297,12.648979996058188,42.832247980981165,-2.1266545913742974,-4.97378403292209,-12.884758119235585,-15.30015034083613,-9.848611532679897,46.94708174234697,-7.584168440003197,0
1999-01-01,-9.790938139103233,-11.139293367303829,-2.3178329710551964,-14.902877508140335,-7.047534312627439,34.36870653232052,16.52318870157916,-23.77245780427956,6.58590779642752,50.52745699599198,-22.647302699435897,7
1999-02-01,-5.740955666902451,-14.534962236108242,-57.22960389568489,-21.858299100506343,-8.572905971181239,-34.877702764462015,4.149606787385437,-33.9496449957792,3.173928514160337,50.01203108517282,-32.40638400956625,8
1999-03-01,9.094582162482396,-22.517633709753767,43.38048324469389,69.97824253775698,9.647807940814914,162.35290566209582,63.0774763859402,-22.56539116822033,-10.212054238378826,-3.243022608483514,41.12357377681354,5
1999-04-01,-46.7389874654685,7.5023557844162525,30.438258041205444,-12.91762524900679,-15.381042281036189,-51.06911090599214,5.114299588788413,-9.948178033027949,-11.280176342277072,31.63611580913357,122.08665658671154,6
1999-05-01,-48.62420119400935,19.193072351015985,-21.96280292586968,9.637141595667316,94.40173428717654,45.206178355126,-8.3901436132963,-11.38260850259735,3.800692631480047,-40.39030831237909,22.4847257994752,5
1999-06-01,17.0550633320737,19.317841911688703,25.75519393896468,39.050443978722825,-12.41016981302488,-7.325860434176704,-4.243707283617242,-8.302597908005893,3.166083714679246,8.254159350546757,3.469789616370946,1
1999-07-01,37.21131562118242,13.63966626830772,2.134267350184615,-1.7083583179028778,16.404856567853855,-18.575709523379174,0.0306586565721183,-0.8053928192100024,-5.642654824872707,-6.313172717530279,-7.192152383595925,0
1999-08-01,11.66332315374656,23.1212136212376,69.1501954028667,4.686361623779618,1.530631105590558,-7.17262945018274,8.33838805589125,-9.516819943423304,34.91610318929628,16.317704625620564,-39.831985094613415,1
1999-09-01,1.797636416836653,-6.864089396894997,13.736411022594211,52.58794676011024,20.548911752562336,-4.139435025659431,0.2173350845292816,-10.039951263309952,1.6201812616542384,28.040812817347955,-44.48953940097456,0
1999-10-01,-21.74667300335158,-24.09273829437886,36.74082520781936,35.53824759929076,-1.7781257730300482,0.5803250047944708,1.886609073666321,-3.3383189902364254,15.772812543761347,31.835169379899668,52.63878017633698,6
1999-11-01,-5.274269938861423,16.70065836878858,11.905256336986056,-0.6721783933443675,-1.9162868986669717,-5.364580189678424,6.016399039191555,38.63384885727862,9.730924055767332,0.3744183421678713,20.20175300006053,1
1999-12-01,-35.68864045652206,1.404179642767069,-6.234302664834104,24.201002553567363,0.2078420300004335,11.908079177304543,-51.01326053680867,5.773623801449734,7.250482245978347,17.58069341868881,-4.187574460598995,7
2000-01-01,-5.993494904660238,0.8429244811454453,-20.461796202968017,-37.62056491596723,7.934477575515382,5.937108000755522,-19.85325399506297,-0.8782133240076853,-6.343638061919485,45.82601055169265,-2.620639518550433,7
2000-02-01,3.6835808132940286,0.1759424651460222,0.3145189753792152,-48.11321066309324,-5.19257185897327,107.3109279394721,36.89890663713896,-30.5696670830051,-8.375251866477115,9.791518310337892,23.64909826353264,7
2000-03-01,-53.8607792003584,-20.67912408881368,-19.10966453549061,-51.8295553041405,22.50061025742384,0.9970583482704284,35.71199827247733,-31.203626883288592,-18.063907723831505,24.24685046974824,17.741692982963002,2
2000-04-01,-27.509642110834136,-6.528178268473951,-3.162398774586165,34.164031225597,-12.61802496750586,10.332808680572851,-19.004919989584607,-25.261246428498,-4.356010887181796,14.261083699900922,11.247426959820956,7
2000-05-01,-31.58716632808867,14.049117148702209,38.8357350257325,-8.011817650207206,2.364934220229585,9.179452761457185,4.198389427582811,-2.3037974404648764,1.1997286251189507,29.55666041668601,4.384584688645191,0
2000-06-01,7.525288979061628,12.931257618422478,8.41111302692778,82.31648495793743,-6.626074130376473,29.82295892907618,4.98127200662735,-25.38740544948339,2.595499089089301,-1.266846335729042,-12.60260988647022,0
2000-07-01,-18.41162774638046,22.77906946409793,85.62077325856785,58.78106750969323,-13.786279745949834,-15.916844512948805,1.5014776073162146,-11.654884857965795,-5.560504983439131,5.266959147192011,-9.279425742014723,4
2000-08-01,14.777346186419903,-7.830536350564401,-58.85776282554174,9.423106431747158,10.541459126849198,5.706788445820276,0.147024006730593,-4.212245248591081,1.425106696864674,-5.088924215351568,19.72426174165653,6
2000-09-01,-23.4246639503774,27.194547986657295,61.96055238150109,23.08159122918784,2.010061073552457,7.040338888775324,-3.75234652805846,10.086770914537825,-3.088931868555818,25.93365018455134,-53.69258874599436,0
2000-10-01,-1.6825025746728386,8.250920222289409,21.60924103945807,21.24133653949549,-11.292006273872486,-9.245717520219616,3.9746571297208746,-4.032440117195494,4.56039323814133,-24.737860025643243,-4.194447376654551,1
2000-11-01,39.27297231736922,14.39767880683469,43.83264629964023,59.77322003559858,2.218662136464358,0.6089668977743372,55.54054835501741,-5.898315181649581,2.405804902996749,3.5886515124454945,-7.036175275614909,1
2000-12-01,9.89946318338194,11.505937710849771,114.65133575534024,55.622130072777296,-5.473753331905168,-36.01238947349838,23.37312495251544,-11.701915372833213,3.2562007776609363,-17.14850263594343,27.05873788311152,1
2001-01-01,13.196656257425218,3.0678949365691324,-42.53397745424488,-42.19109525636819,2.293901750055886,8.50907588841632,29.73230096053828,-21.112592311056986,3.6943758637585375,-1.908584334670138,26.12384674563856,3
2001-02-01,14.97830964140779,-13.381202495075378,-48.10878186681507,-64.8169752317187,-6.743608718276791,8.14354665148148,46.46464407213847,-33.8337804225503,-4.235177649437318,-25.469881762520245,2.539354913621452,3
2001-03-01,10.019844361624052,5.220129224936045,15.020843743102176,-26.17347422038736,-19.184876888321945,-23.6448692853034,35.74203369118115,-24.56159919444527,2.687795912534071,-12.559535872141922,44.42955755473386,3
2001-04-01,-19.65239452803644,-6.842007772276091,-34.016010340675734,49.71746487481522,-9.615823019041276,-45.11158978499469,-20.666178425278105,8.510884275481565,13.101347120489663,-29.09475131150577,53.56651056290599,3
2001-05-01,24.462660789036438,0.053027099719884,15.879699932627544,-46.949174195662266,-3.3752397547543254,-24.907562067088413,1.8841315693984055,-17.174395758542005,6.582742722319892,-11.673416927038543,-11.91229707268596,6
2001-06-01,14.101301280977763,9.130685884361183,36.32240892237792,15.338656131357853,-13.062140207181775,-20.886619449962247,-0.1865802267109266,29.81792617294463,5.803897798612994,-19.43594512271582,-72.33283427724433,1
2001-07-01,24.202989859243104,34.134414906300705,48.33093441178917,47.88003047227773,22.434203803757494,-7.618691015313757,6.997352725685982,9.842048554312472,7.007850429745474,-11.981256161465067,-27.55162238717739,4
2001-08-01,-44.758223624099045,-8.492959770880901,73.50125244445027,51.533155987269566,-14.634287068213546,8.392401904447816,-1.5018535198861898,-11.319872365195272,-3.465877008824549,-14.000965730883536,17.83501952812273,0
2001-09-01,-7.251594220822142,-4.136683342591482,21.25670252064566,57.76258390816969,-3.968575661826261,2.310341680629012,3.2996819414904373,0.6357768837442386,-5.717202425083997,7.521082290271494,52.588330526944105,0
2001-10-01,-27.739386026555188,2.4231274954389903,16.638627681482006,20.32695648697749,-6.654084783528276,-11.628834495625954,2.2019605728629585,23.327891834443147,-9.333739067403144,-9.413499912664207,12.221911201533032,0
2001-11-01,-38.3520455786052,-6.862055723518566,-3.0033491229987845,-5.024077522476389,-3.685046197731607,-15.672667142297376,-2.337585710830268,-8.867772490245137,-4.444391126570608,-40.96262249559173,30.937977614546952,6
2001-12-01,1.2000643219946738,15.155084761904185,50.58022188141955,28.61023256330445,6.596409727328082,-29.500513863770355,1.1167457663428024,24.747727114960124,-6.73390025405601,13.540198620590928,-38.05373700122385,0
2002-01-01,-9.475244794653008,-3.421926680414757,4.413944382872785,7.037694475098434,0.776721519129385,-9.54652022722636,3.453370041624652,71.21231083038131,6.819684138815546,-6.522897935642391,13.430638673150751,1
2002-02-01,-2.694867524743046,27.338896928531568,25.52454848856496,-13.066908140349623,-2.508772425175252,-19.008232209793512,-28.81139746717028,-10.47303950681346,7.307849171974155,-18.07055694026384,-17.663414586251776,0
2002-03-01,36.2482873826886,27.43689202216551,0.0468238944035874,23.53473326529749,9.784895897769992,-4.67364929649051,-2.857664477708994,2.7629944625573657,10.142187268633606,17.124606562759197,11.632612845829556,0
2002-04-01,30.584000525687276,-27.780918931665557,-4.961515903672009,-30.93166446895249,11.842959440381115,-30.154324821315072,12.92231846073625,0.2259988853989085,-2.7340994661159925,20.38369833201122,-13.605334104454757,6
2002-05-01,19.48700606176793,10.55362097129384,8.20630724193694,31.79399288604435,10.36456056751863,35.2942626566856,-1.8119436170189476,-31.39102929296668,-11.161988849548422,3.328877387377048,1.4929232294047097,0
2002-06-01,-39.85504659241873,-45.20047425710166,-35.752376992717984,8.843317842839042,-1.1490323243884075,-32.62312912482305,0.1783708335564533,20.181071247864168,-2.146935299833487,6.266863858576215,22.43084455490518,8
2002-07-01,5.583089580940026,6.444736793320615,53.92383201617443,-15.102898560955452,-3.2711524307308864,3.8845877242644704,0.4917015072518005,-11.158624387586938,-7.24577031426611,-18.235907182388644,-38.13310654631231,0
2002-08-01,19.745130072500828,22.58371313783253,57.04457418878587,70.41239467290274,-5.493146205843338,-7.94452710706318,-0.6337268830691762,-9.935718228203068,0.0413649195085952,-16.302420348079096,-35.14933434493966,4
2002-09-01,-0.9366326831325864,11.706918804881184,18.998343384133904,-7.606606345973404,-14.490055618198694,-10.21886492835661,-3.7709056956961255,-6.658147178990762,-4.404554374750376,-11.209360145131484,-42.58485007106472,0
2002-10-01,14.391950537979769,13.141133175301944,-24.02458182408193,11.803782520423256,15.234878449157232,-11.051407714386482,-0.1759384745131527,-3.574867193128449,23.15631698928175,-13.432410735309418,-0.7462850176539462,6
2002-11-01,31.72980010044144,-2.1645334184764664,4.0313868350684885,35.012570684272575,-8.864055375106954,-24.204753197573915,0.9619209959169835,16.286523943294565,4.802524013155448,-8.44493456650875,65.99562390156146,1
2002-12-01,1.5737890498162983,18.152481882385707,19.053609962594905,19.922713510842627,11.927860409097766,-29.916227692620097,1.7475300844305366,17.18633598363844,11.60101772720995,-26.802344152689276,7.317969701032098,1
2003-01-01,-2.8310663613623888,1.1259767130344611,-18.982826272596995,-14.582930570356725,-5.235893473944411,-48.102284222179975,-2.725082216399926,-17.410365272966494,5.798888759366008,-54.414624383453976,-20.43156187934096,3
2003-02-01,3.789016281249772,-18.91767755595536,-36.022277370679056,70.18527263939448,1.708960839356946,31.9444039052806,-23.251906158392583,-3.4310662347528265,7.839609372806294,-16.885111880880743,-0.0372695457580789,0
2003-03-01,-27.57318878388972,38.62417131019116,64.58647282596925,44.22634629393397,-7.1764493392385695,-54.83729346216289,21.812836157017813,-18.184940222575563,0.6618642903349325,-31.16600543904605,15.218956511134763,1
2003-04-01,17.395427336456066,-8.192822305046434,2.3909358066728146,-30.573138888360678,9.942163028442558,-67.39327120090424,-17.18413728373747,-16.839621538647968,-0.2846310177801001,0.0814283120312495,-54.33562173076365,6
2003-05-01,1.2419470254563407,-32.27994852524971,16.378214387763848,-34.41898704199703,13.4187315714178,70.52712455797008,1.0339189416472865,-16.002928962777247,-8.328527677918984,12.976779105784942,0.8111004072819128,7
2003-06-01,-3.8729249728946087,12.595255964548045,-16.596837715249222,-20.544094251238675,8.009739304061405,-8.971309124341914,12.829536332549594,29.6878981995912,16.85177490480133,-1.9346171480559349,-52.23527920682247,6
2003-07-01,-9.114857016782976,-17.533802786238468,36.84565161663315,-25.564261872450288,-13.57175149153106,-1.817647223149649,-0.0537570593502501,-11.021694995543836,5.81998938337216,9.283417514258929,58.35175463768397,6
2003-08-01,-1.569655810946216,10.183514639757972,67.26231074205975,16.37640850788503,4.776037952183266,-6.851489274752584,0.3286584496118401,23.615947778191973,-1.212035142216223,-6.985444396473554,-44.33550108036694,0
2003-09-01,3.466266942210368,21.572428872791377,47.38093226714997,-16.211051643738188,9.782600997824565,-9.08516724999622,-2.3426195415554005,1.3551910104133835,-5.599136511425684,3.9410474946755016,35.834108943096595,0
2003-10-01,-10.03816817019134,22.038818878589534,21.331134087453837,0.8095686656514118,-9.165137259962234,-7.595196327003553,-0.8027385882801639,-0.5996373525154262,-11.388722790278422,-0.4394330600147782,-2.948555042335613,0
2003-11-01,7.823298122417498,19.540944889710417,49.37262026943915,39.71098150416803,-2.760721439593011,-20.03359538212892,-29.264893038501317,-8.011970188297525,1.443073743702513,14.38324501492474,-16.027879744714625,0
2003-12-01,22.93671262635452,-15.86207361266618,-26.27595305190595,13.1631948055784,-3.8760106118214974,-29.866106434338533,-23.683578713279843,-8.720293570188877,-1.1544000382656634,-11.907254971424436,-22.33415712305387,6
2004-01-01,-21.48273422137305,3.388296393808268,31.30195461082225,15.15584137348796,-4.5964869683,-40.3870798289384,-1.231967019973439,5.391583179420589,3.967840369068057,-32.19709115086937,-19.404009412627858,1
2004-02-01,27.61100699275468,14.295148142306571,-30.390776305915843,-29.57540310270211,14.591792363548723,-18.65179895312496,-0.4228574018806057,-2.6637935568179074,-3.02806578494058,-7.946417751657307,-50.60790369019999,6
2004-03-01,-2.011553331015719,16.442219888927724,-49.26045678188628,-25.947989689141323,-14.981621876423524,-12.59548400076622,3.0635651284425194,5.7166160484487705,-13.03640520523605,5.873554568333532,9.989556888064214,6
2004-04-01,0.3978377634532251,-25.99488161518572,48.833234822272914,-8.689022712718526,9.163203468035055,-46.25028355556686,24.124827198722212,-12.108496839242338,1.237136340571709,11.290214797608826,-32.0942480161583,6
2004-05-01,-22.470509157322283,-13.886865401631468,-3.611007175329604,-45.34372373319832,1.0128252563289095,-42.16899854886495,-11.293797525655066,7.565914461452806,-17.253030472067394,58.51428961046369,-45.883859329763965,7
2004-06-01,-15.680650971804766,15.039155270886395,16.63591604466106,1.703261235085904,-0.1933446402460177,-17.081119364731855,-2.4370513089447954,-22.61464783615797,-3.150979755806162,-7.708238208296876,-102.56749951726508,0
2004-07-01,-15.949544446796423,48.44729382992962,63.91768796831411,1.0364145074965163,7.472093709880147,18.88134133383848,0.714285531075145,-12.958875200209528,-11.003752805533509,15.355821705415536,-29.33223542023661,5
2004-08-01,-2.1507768226614417,29.09917236396309,163.84908276322918,81.57842131170608,-2.886811649804855,-7.544593828577398,-0.4010742780810297,-13.3659051898419,-3.5724733433339964,0.7238286933546192,-13.59578814130711,4
2004-09-01,17.49098567716105,26.176400308843185,59.07125567186171,28.656628315806103,5.18371977599972,7.691757567267256,5.1213859429387405,-7.212107509390132,-3.07378394053228,26.09745040348102,-114.21462191887204,0
2004-10-01,6.749799680698743,-10.879385769657397,10.327513978242068,44.96079610636245,3.5400807161222723,-12.6496427756901,9.168560401246452,-4.206474711142546,1.1539420853955562,-0.259574451567147,-26.959975728949274,6
2004-11-01,3.314901416977221,12.933296738685485,31.75420041797318,-17.763923589517503,-1.510812180973673,-22.47062914600737,0.009690064380635,-8.19675404364796,-0.8799614242411451,2.360202501937352,-87.4662193999356,0
2004-12-01,14.052721742173375,11.052598892214228,-61.48602033555564,-81.90945698661011,-2.4077084617996203,-24.828090935462782,52.99859013126661,-10.537155265753873,2.578617725629968,-35.27524069312517,12.789629075617825,3
2005-01-01,-26.4450416116154,-12.80183497060078,-20.256782552512117,4.03574969448411,-8.750965326323186,-32.33161338168241,-12.1577540262399,-26.261782277438886,-2.349670413249981,47.632363616263646,51.817394935495685,8
2005-02-01,6.0753440137264505,38.25550943469675,33.99541770701502,113.90131764014625,7.0714330387926925,-38.43167952886039,-51.50219904647456,5.258115222495412,-0.5237019242020295,16.80688720637039,7.924527256590551,4
2005-03-01,-7.175040248300505,-1.7645014802040038,-11.885658631870584,14.035139004354534,14.333675240411154,-57.12303499223787,-28.73645693341265,-6.733355206250025,2.6421724566506697,-1.147369245319453,-1.5237114478997285,6
2005-04-01,-19.61888289196868,-1.278259803446517,-25.17098855453709,-3.9031177612979775,9.712678987182102,-14.685159630241316,-31.30156507434984,-13.153022494223794,-4.327419716087348,41.704300796327885,-35.59698004054184,7
2005-05-01,-4.4030385589941545,-17.164399932581176,-0.5407411053137423,31.521335840018565,48.41273524957659,2.7089887460571305,9.710501235766928,-4.982834731308721,10.326386111358062,-0.6806421750628147,13.34880248220989,7
2005-06-01,-5.356117917066811,18.596076116595583,31.34748710596105,29.325564765801943,0.6027123771522227,-17.01921924437483,-0.86092467234052,-20.48687703159897,2.6992920108964142,3.484193783739073,20.38869170962056,0
2005-07-01,14.182947167901602,17.665301810367353,15.53420222816905,4.64196864285293,-13.200374812407643,-8.555004455289016,-0.5124767439682287,-5.403916308664655,-9.227996714038028,18.097467911435047,8.353879901559537,0
2005-08-01,3.177388285920202,36.56392990464251,33.602351416314235,-10.274808405994976,-1.4668862315526567,-3.024316446542244,-2.93431231873026,3.2784896927784963,-7.685258894984258,-8.271326555522137,-22.083549952101933,0
2005-09-01,-16.703262799681355,-5.620827840682125,46.03551119543775,4.083290147791729,1.9428798359253283,-9.36223154198054,-1.7168017901055563,-3.1840135028969367,-16.792146225288263,-15.028953593250408,-59.10336764143217,0
2005-10-01,9.192385399440582,-1.2772085426135078,-7.1837131456988175,-6.552800848315812,9.25094782158304,-9.727989267978806,-17.09273031722799,-7.828505507665918,-9.460985591536115,15.022650105351005,-37.304267598567776,7
2005-11-01,4.722056144718593,6.0060591384239785,-11.985789229696394,68.0941367367994,-2.5623641595284727,-18.33660261159231,-27.65816678761296,11.937590078933969,-12.345622528032765,20.551334678447063,6.550026978739197,0
2005-12-01,7.060361612120715,7.986429948420316,41.35579239321408,20.073094581881875,-6.825281325769325,20.53161382359852,-8.380118732170871,-12.152864199380833,-1.59229661963397,27.21409283007725,-26.15230505272214,0
2006-01-01,-2.5932423463864467,-3.1906816712475674,-17.91611411360828,-22.048273763722484,12.384743801633904,-39.749687691740405,-7.791981629677025,-17.53184109399589,3.5244631600787244,83.03611628370142,-11.77066471855352,7
2006-02-01,29.536180945516406,18.107676217603085,0.2472024038309257,21.395388196332007,-2.6069253863213504,-46.484080427054735,-1.7149364795924953,-33.47033842792058,8.771713805481653,-0.7143895711828065,-46.3241861262874,1
2006-03-01,-14.604166308975977,-7.980762680270445,-47.94561288903024,-33.161239678233585,-5.716963471816676,-14.09610234243226,39.01736478910277,-29.83042146492624,3.8185325302421935,-0.2588837869694771,49.89686816746288,3
2006-04-01,-3.30372893714771,40.492696441543046,54.71550587209467,13.540965840544883,-23.04504338064699,-45.33926180052022,13.40061712135737,20.610461847704254,-7.961539444718269,-32.52116352413435,26.774151696945665,1
2006-05-01,5.597328069266624,48.0609076357442,7.258777229682181,-9.59053091068904,-17.27241889947316,2.7134031714220725,9.880448206873872,46.827130918777485,11.922834264077268,5.0438730782919095,-35.95222285778013,1
2006-06-01,1.422037309305736,64.72939265879407,63.64778900316156,76.78803046184296,-36.511902515165495,-31.41000857017732,0.2218186983255599,-21.070076732080807,-0.5198012590258401,7.903095083556394,-12.941927508823229,4
2006-07-01,-15.974650080057543,-1.8749450887530368,-43.7050625642693,-39.42470057167722,-9.346741089436629,-16.025654655157084,-3.1205347927847225,-1.4853656214712778,6.4219823357081225,6.307029364421567,70.50979619011645,3
2006-08-01,5.66893233174207,-12.801413322667742,7.809105360221991,-1.6849373530675678,10.810232205154364,-6.7474418626871255,1.830994107428463,0.0654376152598885,-6.404496852495356,-5.901847295234319,114.45514238667472,6
2006-09-01,8.255485839728877,15.782185392699532,2.0040050895768786,25.848299729641184,-9.487560303998965,-3.164432878209668,-3.556911215990901,-7.414238648352362,1.2632501252189456,-19.837030933064625,83.4035540390501,1
2006-10-01,-8.204803265060676,5.626136746594284,18.834346360255907,36.03937001318461,-7.619634068943981,-13.906349082380288,-6.949755594630972,1.5691235531872645,3.833623730984925,4.281352329119073,92.71338857574732,1
2006-11-01,-18.770876052624278,-12.816550002790038,-1.4400775307872635,5.312811698625211,5.459021931991288,-18.246807193377748,38.42196334945824,-1.1782278066688452,-4.548233689745132,7.893434923311304,23.00190879023762,6
2006-12-01,-6.294448165230023,-2.0963429673196927,-41.52545389025431,-39.7839450182213,-2.378346136724284,-14.561021293676768,57.769694055663365,-4.715469632191464,-1.543703632454509,-3.551396138276459,25.436923756357032,3
2007-01-01,-1.064819978569858,-8.027075349637585,-23.939604331064142,-2.223510942114231,-2.309899220015573,-28.474688173473563,41.39580964133822,-16.25760387661466,-13.865417932637584,-19.844353478070687,7.843596394787227,3
2007-02-01,28.52845338001416,-13.633630278633383,3.101951668116314,53.54304248864854,-1.4811972795098145,-44.39172779243171,16.436726001887706,9.655240750331608,-0.2751213302172601,-51.23237322356781,13.735772323875524,1
2007-03-01,-9.50180733822168,-5.532792175667723,-21.971780564190325,18.47259002361298,-7.507434767346622,-20.471915742810964,-30.077501189839097,-20.58556387505356,-2.3510321219028043,29.100146112207938,-37.22075987797763,7
2007-04-01,9.450499436635198,-20.233845703052168,-3.5642430642449483,-44.65384496344977,-12.063830112450091,-57.93142730478554,-7.862172098907067,-14.96808044595862,9.19883037522871,9.477490329633897,16.3540819077096,3
2007-05-01,-4.737997526894333,-47.92131868286285,-64.27603252341856,-67.92667787013488,-36.39472611851406,-4.630439032200556,-4.654252213930185,-7.935402946311356,-0.796826093448658,12.555736974029656,-17.23583462660295,8
2007-06-01,-22.43395952765881,-38.18376721652987,-65.02297375521069,-92.82090788423824,21.966527721440464,-18.99997617907121,9.215618472996134,16.38507554522863,18.91034828604002,25.361935986471195,-58.78522251253979,2
2007-07-01,49.12850340069832,-37.84238037497268,-55.60781276013556,59.341227056438925,14.400667197958356,-11.544452850647817,5.680779317410078,-12.175855028765058,9.919756216523725,-23.66921743080732,80.3890026841357,3
2007-08-01,-20.95831729120729,-30.206815029487714,-116.70547464883128,-84.6338887802292,3.837924904954427,-9.46153595672922,3.1002411705084327,-7.43117602805987,14.077891782747288,61.170784957697805,-77.82104393905176,2
2007-09-01,-12.021749408072496,-23.1292352815367,0.1538778353581165,55.249828015214376,-4.618064208599556,-9.1212883833373,5.284024708675002,-2.33147114368321,0.2824955924334063,4.363324115783968,-26.55554667924829,6
2007-10-01,-13.381210276579324,1.0728514841865575,-4.19240933215147,2.88060134474253,3.623699381887782,-9.304934381916915,0.8486370178559568,-2.342484533361548,-1.0432415349780229,46.61320300597481,-10.417219914842208,7
2007-11-01,12.368636873443691,-7.134592215322286,-0.4444236501182388,52.23688635539777,-6.17044366857237,-23.26382908231049,-6.805241524714589,-9.729621517611967,11.67519747328734,-29.92136957284856,44.32208997126796,1
2007-12-01,1.041864104873838,-3.730873516802461,-35.27884216269736,14.219085827467596,4.376651200578793,11.801677622454235,57.92401963774845,1.3624227089896728,-0.9856903007672456,38.83359795983165,-0.6697930327595714,6
2008-01-01,-21.76161522140345,1.3035252749617428,-11.336659091113994,-21.95291617155725,-7.955491209338504,-42.32980441257634,47.97422782061605,-24.28983704383985,4.242615004646211,-0.0189934018943773,-34.34310706923577,3
2008-02-01,8.520148895145667,7.886079296141716,0.5839262794982147,-45.56239075799415,25.649315744386943,17.217925765171024,-8.285483817867345,-26.445074401777816,-10.303940627207696,28.03368560057075,0.310934794235294,7
2008-03-01,-22.450457091378567,1.9566427574682592,-21.09013092332273,12.00737113443074,14.565928293019113,10.563350988726128,-9.715899082702975,15.25168632398298,9.115362562828054,-9.823693886379942,5.8620471730111205,6
2008-04-01,19.71132199290368,0.488637709133684,-12.014482129289618,4.231007841046505,10.386601540499562,11.555885403200136,-25.591034594561503,-13.384425761780708,8.05331562875017,-28.20056811291045,5.734770771789243,0
2008-05-01,26.90918324236584,35.53231862357342,-5.796738274767222,25.161913249745425,-0.8811680258071561,-39.50187070614204,-9.278513413329762,31.832080224233664,-3.8816391958754224,-0.3790398998343391,135.10790554924034,1
2008-06-01,-53.787810848094296,-9.21867291200354,-4.0233225752155874,-21.305996687228884,11.46578308352428,-31.55982901335266,0.990281592794517,21.35405254068855,-4.181450026756835,-3.4461913891513234,-10.966637339390331,7
2008-07-01,13.74579347179352,24.905051058757223,-28.413924445675377,-14.088359489010486,32.948409046742086,-13.085271355726675,-0.4306335132909389,6.24143200401085,17.88725219638036,15.207908759233248,-75.01034956993401,7
2008-08-01,-13.880416657873525,-27.344810129465543,-58.07263852443249,-87.15977535495666,-19.00282187228806,-5.024266204801499,-0.8876716632414485,4.617887898656157,-6.718691356674043,-0.3001630992888522,9.624853094194236,8
2008-09-01,17.064771332572278,-13.872178436407095,-11.888988508734428,-25.66901391123517,1.1549268982705776,-1.798681915109027,-0.4772572620453665,7.169559155097115,3.442366092185324,18.19360907972262,69.35860771653142,6
2008-10-01,-10.852372418923409,-16.157078556742583,23.371340781550412,-11.37137973292755,5.683186819083421,-3.201543724862688,7.295810981688312,-8.138448035827526,-8.657832360739036,31.945321177894016,32.83668370247693,7
2008-11-01,-9.223453040126287,-17.812055874563406,-28.80063103240497,-35.69078764249035,0.7068300097459623,-1.4769576696495363,13.593747281049758,-9.273388243885796,-10.67657205347109,15.133527475997,-11.461764459858244,7
2008-12-01,-4.921012559114757,-10.637978093060568,-9.847990189100742,-14.431666849365511,-4.740635979412886,-31.333709919124026,14.115862549687536,-8.796258787495884,-10.521156643394749,27.93252041517411,11.70844290484601,6
2009-01-01,-26.73399964496669,-3.846949998886558,-10.858995752138467,-2.8383839563749973,-2.8193922852010544,-47.25167442566588,-18.922435854735998,-15.952697019380649,7.689716318055986,52.29072255147305,21.56582661246793,7
2009-02-01,-18.099794551736597,-5.637181462241188,-28.50623813945301,-35.55777332815704,0.8077861752289337,-0.4947668270264032,14.563619704008431,-19.256963594657705,7.36110417016782,24.292781037772784,-23.03487474362376,8
2009-03-01,20.895952213369185,22.656868397781125,-12.637919994010986,-46.511209912164674,-1.5632708672071125,10.510805923991768,3.639871732743728,36.59614507765956,-9.009705254629909,14.478465359572397,-0.8941324325101903,0
2009-04-01,31.75235708510003,27.902455396748223,35.59093698349329,-7.887676176468062,-23.382821679701827,73.90055336787964,-8.351889943030386,0.4757698963726469,7.332345207531574,-40.504153763968816,17.88983871377161,1
2009-05-01,14.576152917840446,37.37120748441524,109.5432274264779,53.84423760829685,-14.952480625032791,22.2517708454138,8.30940922502294,10.56210025156129,-10.930247374848662,-78.42112427172626,-29.30782955412852,4
2009-06-01,28.55858070941764,20.276540091259392,46.30186269522977,22.56232141761848,-8.926734371387361,-22.59458590771385,-5.212839118118415,8.636379445562234,-3.841368089591839,-11.68081385506099,-0.1970837434371901,1
2009-07-01,-9.92459090441892,6.397149868423696,79.46846969074133,72.44135259290175,14.839842641092687,-6.942932660670991,-3.1914955473882785,2.040295787539172,1.5607209195376868,-12.078446871074448,-31.03351454013263,4
2009-08-01,34.018146833261525,37.934024831615645,30.72375113569791,-2.109016921671838,-0.6601195442756023,-2.133497883042917,-2.8362236483273264,7.5917807506246575,-1.9075391949133973,-26.107722266561268,121.24972608586668,1
2009-09-01,8.969011443853333,-5.453746993863746,-12.863022863920406,-55.47678884985899,-7.2526146833529666,-10.481414313217362,-4.136620651633447,-3.7812354874886296,-18.945608535092248,-30.14228097706598,168.9522494709072,6
2009-10-01,14.059311158857795,-0.3726409643794284,8.389944025149447,-7.306285412145144,-8.516112539295237,-5.151947380147208,-2.208535368734921,-7.908028436117448,-2.834423312022892,-22.893722642621555,35.09663472681905,6
2009-11-01,37.635815200970725,-20.799163496937872,49.92073306954976,1.4609204849325153,18.856355045908185,-14.001410278509868,26.24668169118867,-8.92585896205676,3.485479038799582,-46.53718921132325,-3.727210379980818,1
2009-12-01,-20.263255279102125,-1.380427634164164,-54.08062632685333,-45.39457524566441,-3.5075238772696222,-33.27791763736933,-0.5003193091980052,-11.117464475454918,-0.0017435365365372,-31.256728752949,50.19675298997063,3
2010-01-01,21.106134611146416,-4.03982687067365,-10.89440297364903,7.032004554887578,-5.168389545524481,6.242101173987848,-43.42916654139973,-12.956262229661412,1.112005853405833,-35.653483671875705,-41.89698701861012,0
2010-02-01,25.067209103837143,-0.4948420559215947,-23.614478044370586,35.68886244831238,2.800875544477128,-45.17885127278702,46.51715738189085,5.140207314179797,13.094997311387845,-15.918172566110286,44.068297787148765,3
2010-03-01,-47.04329872991511,0.4354887771666966,-7.71806791577913,-31.867346819692287,-4.773383685863394,-36.32567129653844,0.0270860703137145,6.07030009626353,5.229768734284377,-6.2153349530790365,0.4269423998496222,6
2010-04-01,22.40845862521316,-36.03134287864829,-22.20288035401454,5.521802195720937,-12.299695872223968,24.75904541759445,-7.152962471676986,2.621482305606193,-1.551950059755967,35.02061061750871,49.31957280029263,7
2010-05-01,12.393146198132555,-31.328149188997276,-57.070861042835446,-0.0976319724642564,-21.197829631695992,-15.190166720905424,5.633519521472145,-23.569246109309148,-7.328220877672592,14.659534664105337,-13.56921744227077,8
2010-06-01,-39.34001865621903,-10.84738387046282,-55.321274451242,-5.341960948551645,-30.243449927236387,16.60244592736572,-0.148673015788308,-19.13954400168115,-0.0514827450101051,13.147877055259016,27.18175082187065,8
2010-07-01,7.418254385413618,-19.469010982140446,-26.778234783225656,-61.087478917610966,-21.71998870443461,41.98501384577166,-0.2074346040851011,9.922842053501965,5.63725834957026,61.06031491074864,10.28764288298649,8
2010-08-01,-18.727574653256557,-12.99741335199441,-77.39677355708186,-75.46351726513244,4.804484157621729,73.49293712096708,-2.9825045579378084,-0.5259201263911493,11.164751958406868,18.011651949769714,-79.69380542768087,2
2010-09-01,-17.166740426870334,-20.4692099019434,-4.0480256197975,-23.91864609905987,-15.10762032813582,47.19197894640382,-6.248330504122517,6.409945535198791,7.280964231699471,23.503602654432143,12.66135666847839,7
2010-10-01,15.879171146617225,12.786098720080616,18.364952578645983,-42.05933465236623,-14.42899278491956,5.412379805408204,-10.547077517649337,-1.2950324750767257,-0.0976486484321128,13.58539088106349,2.681809656692536,0
2010-11-01,-30.084303887090503,-6.71218679914481,0.0195724046944292,10.031654543005786,19.007078944142823,64.54150864885737,-2.8066027400383438,9.291182259997656,0.4665065714870877,84.49634987402604,35.76820622600735,5
2010-12-01,-43.98066532255394,-26.91066882591582,-68.55683019040798,-72.14869589135554,34.40810833224286,112.25325614827,15.994234865507565,-5.1565440135803335,-1.9072742592424132,39.79531113803256,20.857048651829388,2
2011-01-01,-8.796559502479766,-6.938207224305259,-33.61702853563574,-30.04571597824412,21.287754618741538,57.268597044208384,-5.459757640184563,-22.681337139184205,7.841025445290796,17.46812280546446,-14.11837841384994,7
2011-02-01,-36.560204731355896,-6.592361812772545,-37.28850371831669,-41.40754069744554,19.98341993181368,31.46473399879863,-19.933895427331123,-25.977657580335404,6.0289036657814,32.527388526246256,25.92967570145612,2
2011-03-01,0.5576119431739244,-23.222138159872145,-52.39138593297237,-62.89442786683821,-21.064952291631094,-54.84219948249668,5.728701755472656,-42.665766390090965,-8.66157081863959,34.65792056976602,-42.03025353743422,8
2011-04-01,0.1917607876030302,-20.68700973421997,-21.838718867171792,-26.647907564801685,9.018408720066752,-27.402617888157323,-4.128674369322468,-6.2548746355533,-6.13495106695251,12.41629449746796,-52.160660733490246,7
2011-05-01,-48.771902863547055,-30.859489046836728,-50.22619914764181,-13.93216177966744,-3.702194563504847,-36.1363103923147,-0.4140369587657488,-4.878520539652641,-7.865536340284024,35.95683656751444,7.744257892942954,8
2011-06-01,-11.166066286090953,-26.79064279687151,-32.105496295957,45.12692261339902,21.068447737240383,6.987210024844856,1.4156955559742244,-7.146821642061219,-12.697236395750435,2.2298375488983595,-39.18247230255352,7
2011-07-01,-39.74214858734841,-7.80925593806171,-41.33667614903186,15.718681771427724,13.510001395319565,1.1910999775341509,4.661319697300634,9.695948090201965,-9.268586444295508,10.372542373633166,52.25418341030104,7
2011-08-01,2.779757910313947,14.07396115841631,1.7618573177065855,2.8074449917980075,15.874518839968225,-0.7955740750835716,6.863003055091177,-5.876829952421037,-4.630792005384052,-3.591267971658567,-31.867810827623217,0
2011-09-01,16.05512196297478,-5.176261587526,19.05651433487253,45.89253862270175,2.669440396605385,-2.521169738328973,6.092752374228841,-3.910107631393954,19.019881520111824,10.907092748116357,11.265942287343591,1
2011-10-01,-16.121181818732715,-12.20659715003086,-40.21351488424237,6.636163627812891,14.672878126962605,18.34698589527953,10.80048226136836,31.735640697501925,13.601030728983917,16.9201211749359,-34.56668786505591,7
2011-11-01,-3.034694757950561,5.838806080912377,-55.1165040982721,-32.943746240108794,-1.1189137780145533,-9.668013899931491,23.607266356528516,-0.2412551199668868,-14.236913024056108,37.731531015723874,-40.21001905281929,7
2011-12-01,-1.2358178308100776,6.914104788403073,-25.066351520768293,-26.23251548238356,10.90759212844826,11.379191886726815,9.121963951164387,7.348433843484795,-9.224744144345353,10.1429459977752,10.291014310779984,7
2012-01-01,-1.054796352366381,-0.861709408139177,-18.029019479138675,-29.185437629535627,-0.5662763268687705,96.94580549122476,-7.850105422536757,27.58352028167604,-14.19062299622732,29.20232182292206,21.39855864953924,5
2012-02-01,27.49194013752484,24.532600668128964,44.17179935348979,93.68061483964438,4.981788015562378,-14.432255094704251,-16.243473500940638,-22.766112524197915,7.5469392230361905,23.55717886015411,14.458656022328968,4
2012-03-01,-0.0454604302652796,12.897057295619902,13.847062901807874,1.3427265188589104,-9.916343627142524,7.646581582138225,-4.499826761308128,3.374525092518809,-19.01679568224087,16.317822805284237,-15.123140973392452,0
2012-04-01,24.187531094334915,-10.430314545029772,-19.307759314477494,41.424350127949225,37.45623488883674,-17.3751122770028,-3.1562624493189877,1.482020278676515,-18.551462761584048,13.843061014774776,-44.81021383968529,5
2012-05-01,42.93877250400088,18.610676149742854,-26.24828915196595,-33.51696885666506,-13.201853465513906,-12.168967253110864,6.372950647673164,25.28404560369387,12.385046932480748,9.52278482591194,99.48762886995956,3
2012-06-01,-1.2283782810054902,-6.886970918982286,-53.22900179385233,-35.25512340222414,51.02626605355327,54.26092784553698,-0.8365513016406254,-20.93384107005707,0.0966264622361166,-42.7329892398684,57.853736744685335,7
2012-07-01,7.81249050271623,-37.8150618272722,-81.06656408072836,1.5156849053299195,6.492293289537145,-9.456676818864011,-2.976872159048021,-6.89330471481038,12.83668068950368,-0.4800989146499148,-24.05273569505724,8
2012-08-01,-10.327787502568938,10.212634689726272,44.06252226630852,80.25904075547572,-7.7541063674623985,-9.92768979347072,5.634377465535739,-5.721650462484785,15.339800496078992,29.84577454327504,-39.35603139203364,1
2012-09-01,4.615830011956362,-22.82935457967636,-42.406600858622994,5.787182983307503,6.170287343112655,-0.5153445848059022,11.960194835120683,-1.628916131188177,-0.6077711073276362,-31.3145135027514,16.201952627772698,6
2012-10-01,-17.827373352524887,-18.85964754046276,21.867425007683693,-2.0794210773117072,4.368666450720234,-5.915171964537601,13.422532384153726,-7.184861373454442,7.620005628612262,10.854916131799484,99.76182228314048,6
2012-11-01,8.829529014012252,18.89567523782874,16.100602669973313,49.49541799758934,12.987472195477096,-4.329867490860334,-2.651153668816306,-12.582668170625368,5.496501583800523,-37.11910524188389,-9.355173928292205,1
2012-12-01,8.393322537677562,19.90469731603823,-2.500850909112245,49.94047394342677,7.548806077261231,-7.966488247803163,14.879938591875572,1.3744701734559754,7.744205639375963,-2.822562727731423,4.603560539815078,1
2013-01-01,-4.283428474409305,-0.4857452707256655,16.649806118186135,18.4491220122206,10.591585244715786,-22.33080776288345,39.85818447614477,-21.26974452097336,-3.0603388392900115,-28.586541501039704,-18.264918291978063,6
2013-02-01,38.74983752084822,25.64635681582565,53.25827462377339,25.69415889325784,-5.7429672513443535,51.85658326643054,-15.145444556780006,26.94056515196378,-2.602537320512127,19.449490005561785,-2.7197011036392382,4
2013-03-01,3.4507259786880558,-8.365289594288399,-10.7097839798854,-23.29459007154377,5.318734600433729,-50.75304027127585,0.377405370797419,16.91602774321892,17.489549952519596,-3.256979558685643,-31.811619731981992,3
2013-04-01,18.072506801545828,27.526389445943494,9.452336337937652,-30.35008347622187,28.616068452838554,10.484695137541422,-1.5172020573494225,22.933593905156386,5.459759338461197,3.131040175687758,23.385178690838305,0
2013-05-01,-19.33603200798015,-9.507760761233968,-7.510587982710604,-7.512360525194367,-1.6844495694502797,31.6903125622448,-3.5820196570814886,-6.281289175101115,-3.981011546382064,14.639116711560405,-55.0462965230152,7
2013-06-01,-10.242665677659003,-7.285436439487668,66.23364875662361,23.89187357815553,-30.09435845698704,32.70817411096833,-6.738756024633279,-14.55929038998401,-1.7322914438616834,-14.629502017357568,21.182605307718404,1
2013-07-01,-3.000160168607636,-8.712945909081455,80.30600593387408,24.48162930369068,-3.609173469571744,-13.428608072104922,0.2458596007213813,11.716791850625665,0.955865486877144,-24.73675525973718,-30.529344767008222,1
2013-08-01,15.28598672745855,7.476805723703151,75.78324179782683,75.29868788472874,-9.333733103684835,-15.69306888304104,1.3213320984707408,-7.95141069574915,-3.5476316245270425,17.543021516816736,-1.7974208364556148,4
2013-09-01,-10.183476748424674,16.353597459258594,21.88810294714264,-15.982639974068787,19.052186447814183,-2.991309907599831,6.86990288299118,4.246517687410812,-7.684779332046133,6.305781936947909,2.1028068536700744,0
2013-10-01,-24.579539601339576,2.858240854724869,15.785932210929133,15.819393252752931,2.75141540958672,-7.665750920118516,-0.989194219157767,-0.8582283458327993,6.4673425935475,-21.58507133706232,-58.61286224378665,0
2013-11-01,-19.756855128404936,-1.4242872454337174,-54.75798705831501,35.13264951149704,-0.3677054801638206,-6.698206312221156,-11.914871630896457,2.633634835197185,-1.6035360148153472,-5.794132086590082,-6.566265951875835,6
2013-12-01,12.827019547211677,4.410568615305998,20.24051109227493,31.274432252679887,-0.7624233849116493,23.94527002423078,10.106563681068565,0.088633055438656,6.650212643348681,-2.6929209632607467,-19.480595678823192,0
2014-01-01,23.17172574924932,-0.6795272894939259,-13.468973038451535,-13.039724597515658,-4.684801110742498,-33.12247819849699,5.222401912346328,-3.8240894719069054,-3.813269909958677,-5.523743918764438,-23.24200707224944,6
2014-02-01,28.618535572653315,-22.483242742700966,9.11598305326676,-25.973050368065746,-1.8429106655698355,5.733497353531824,19.44143303001067,13.301773458361744,0.1000612142955077,12.871289978656833,47.0259131516186,6
2014-03-01,23.97912563503411,-28.72528183694237,24.072648126087017,88.2029176448957,1.5278173128692991,41.40666295107363,7.435706645253617,22.24476544006893,-2.9602200003515837,-10.731013011005317,-30.98578993251087,0
2014-04-01,-31.033356832355523,-15.301931991174412,-2.364304679241769,-2.3856883379761484,18.951877987580787,9.618958228481574,1.146511240448774,38.55775014576098,-7.164619586079311,-30.584326137004552,-28.13645475372616,7
2014-05-01,59.702672167249474,6.29208659541959,8.387023163605733,2.30823270691468,-4.671751946841162,9.69524527946112,-5.788590749933949,-7.766451500787852,0.0240683540378654,-39.416635678600585,-7.102905315005387,1
2014-06-01,-11.74522556744452,-22.061272989285182,-64.18413009925291,-60.52203580284841,-6.3769534817150415,51.262865048553536,-0.1902443199182606,-5.061246176552629,-2.366031255606046,-10.366713861870124,38.04561807590997,8
2014-07-01,-9.69467650521598,35.228435749549774,68.8182972154024,37.09501252157051,-14.75566601451925,-14.163553411570554,0.7068251220221349,-10.742890496889116,-8.217064163243393,-38.68198581762727,5.871641582069543,4
2014-08-01,-12.427262028614235,6.490728370844877,-2.886767892069656,-11.644397982911244,7.795619227180111,-9.087000317974605,4.892443653449771,26.14053183940977,-9.50078391341853,4.474534356586901,-39.76554854785999,0
2014-09-01,-15.236046599866825,7.554204681361568,-25.353547037060423,32.23699358505641,17.7099499953118,3.916658071738659,3.729297224034593,-3.8219223180941047,-5.690185952878579,-17.80894301333143,141.2285133816078,6
2014-10-01,-7.121749114869232,-0.6395787186991697,15.388356178157425,32.24792812555309,3.1317780957074177,-12.04470137841322,5.869210369444318,-7.077445551960615,-18.37787479643012,0.4041871469110845,-39.68726480288427,0
2014-11-01,-45.7364071231753,-8.891958841914139,24.1600839632181,-18.11308046033777,-3.858762298433738,-15.89585710542378,-10.29280182765234,-12.045955047900442,-2.0498619408530487,9.625189705425129,58.62106419251566,6
2014-12-01,-4.89472182592732,-11.501217253541355,-47.64351837870415,3.3294877253321573,-5.284737293037372,56.229973201137966,14.205289720323124,6.860687899353263,-2.049410589615519,-18.196503210796976,12.097863724144844,6
2015-01-01,58.128464425917656,9.954195533793602,46.202483257281415,83.39477817697937,1.8714678079137723,-43.19773073371643,3.532314282561515,83.65964373312183,-5.734787419759719,6.897181574024401,-6.4658076282048,4
2015-02-01,-38.3471754000397,-22.971879670328185,15.272983723899683,24.036059698314677,1.150151941609126,51.77869317714418,-9.728096731542706,-20.40942195822087,8.051975522801797,-5.197283159918655,-17.38713640116248,7
2015-03-01,-7.402463797282564,40.33988857812251,36.32588330062973,28.6655698059283,8.918117478260115,-11.460674612403054,-42.387199136777184,-25.94944156452268,5.754904422728771,10.959341090394132,-37.90776595586559,0
2015-04-01,-41.1279989702857,16.97033134971656,26.373128637458336,-31.241136207017604,32.59596231709309,187.40998179549456,21.289165766155094,-17.84666077028307,-15.122267615182992,-27.97651896084153,-42.47498143303659,5
2015-05-01,-24.983271786528192,-4.960293019879487,-36.56830056787258,12.082713013264453,-18.51663912780046,-41.37349656922804,0.938739041204272,-0.2657463827156405,5.283270736515902,-41.66696287130773,75.3158200954694,3
2015-06-01,9.299856453882144,-28.397470007783863,-77.08144290850946,-51.67288730265096,9.285958629043726,-31.752206493138125,0.0714405073521362,4.210534828499554,-11.036742046008698,-20.803857078904144,28.343849321676373,8
2015-07-01,-23.69894861924148,-2.632279098965228,-24.583074338048817,-18.85478219083421,12.6740121461592,-8.724780047983423,-1.3725061382319197,-7.1169893501965,-9.492987078209552,-15.81332405286139,-63.07186457462721,7
2015-08-01,-7.821506504382157,-5.29035053790129,13.807789672218576,33.2733154609997,-10.44574023553912,12.71873268591292,-5.454602752718799,-3.018269137481852,-6.407919437555364,-20.44987925379874,-5.329180663538267,0
2015-09-01,0.3679029830927192,19.35920397637344,63.9993630755491,6.257399341001644,15.949605454560636,-1.1783231647324008,-3.3280398612514546,2.959822926329707,0.7977041918197187,-39.30421701293203,-26.704001515021616,0
2015-10-01,46.32039135193068,33.91338530223513,-20.510256210801018,-36.07786086642224,6.610529011775466,-4.363584935963845,1.7460134435403631,3.3250316060585696,-4.652870927158091,-53.63581623187872,42.51276431431253,1
2015-11-01,14.60886070500473,-8.064686085964794,-16.612872652942613,-41.25398448612172,0.4071224475525596,-22.01245405149605,19.75821379254411,8.415702003482462,10.14040225489626,-21.11249494095739,-0.3592870464409543,3
2015-12-01,5.613057971069594,14.153133422227306,38.82503965566249,-2.067455492521276,-3.778851839722675,-27.00265702800344,-1.865818513705648,-7.894254377632153,-5.271131416493034,-44.95170950885301,-23.54858545922764,1
2016-01-01,-31.20274127026089,17.19236017094407,47.35980426256505,79.49951611297058,14.122639218183716,38.07944236386181,13.909667905688336,118.11690778330446,-6.359887632991125,-60.95272980246084,24.355109066151385,4
2016-02-01,-10.739980088761868,-16.887641817950545,-48.77484486158165,-45.86650209092625,-9.14483708149434,-29.9366973366649,-19.03281638192533,31.0228533365336,-5.230692955955661,-14.04670230013292,31.95947972049305,6
2016-03-01,47.646739760816615,-12.082502263671358,-31.51586143875626,7.759461713829381,4.722287451438916,19.32157943190809,-6.287876655431745,-6.055133102219472,16.712421978855446,-9.093336669937145,31.105727129401828,6
2016-04-01,71.10407417517438,57.463320463569545,92.49865795717824,171.48725534959829,-0.6093037669429258,81.90126877277959,14.900022778033147,17.991641929392664,22.430738158737118,19.916317380791558,-7.684853066668467,4
2016-05-01,13.728638377404891,23.08800740440347,-5.29700341623402,-12.484617582063096,-30.09645983335532,45.56778653764137,-3.2906037361336686,-2.191431009024853,13.013356355625715,-4.319830285510591,-77.15343586783224,0
2016-06-01,4.229805019597691,-18.64332365439934,-28.521100417102488,-31.15065779512078,-9.612917751941566,92.5500472698982,-0.0280022811850564,-11.820565881035716,2.625056209198433,-5.863316629353619,-31.11183907502462,7
2016-07-01,-42.23830277592711,8.653795345210455,-5.834210878847841,-8.764486668194536,-3.840130324497253,101.96491730855185,4.178184210889281,26.011537606706508,0.947042996443372,-3.542707790536582,8.214544375208789,7
2016-08-01,28.88766601200176,0.8289793015373448,-20.963721949810235,45.87334202921642,-1.4211052959498005,30.96866579649253,-5.31382098949806,3.2869547375583714,3.294822861512813,-18.412205549304247,127.10480738958655,1
2016-09-01,0.0903667100506453,29.95002290710053,-34.78439920077351,-12.805967654428729,-8.903621109202739,56.27633123588073,-2.8833021499723017,5.2663790596671305,3.6398715941611774,5.178007266949379,-55.50000858818646,0
2016-10-01,29.35486074321656,26.275643715578937,52.84027889233356,43.768141368505226,-7.518670276859337,143.23724219009773,-14.63245380069646,-11.582976117370997,-17.912260612413206,-3.94967063478336,-51.21832107623817,5
2016-11-01,-2.7444521376704785,9.76612597421088,21.152701811473392,-33.772515720713585,-2.115791870309275,38.236889469094976,-18.81649942288196,-10.81694890436003,0.5109068770154863,17.317876585282335,57.29990863933364,7
2016-12-01,43.255394916933085,-3.7401763494062337,54.70749292600162,-13.444483164129366,-3.8064281934115103,21.450965993307484,-13.013166144712642,-12.080515784184287,3.458195917648098,25.75515759768928,-23.85587704542516,0
2017-01-01,5.907796881377124,9.280604647466795,13.63615049652998,-47.22200177004293,5.6248283793596645,24.003834126872256,19.85298660459384,-23.85617989933344,2.26768887216798,16.608788685057206,9.059923603787126,7
2017-02-01,-17.47318889785187,0.4007076783817496,16.580881204470643,-7.283995615286443,5.898954132427454,-44.87763810764106,42.17699835585367,-28.130629427958688,0.8563163848060498,6.790157471538208,4.017283512913821,3
2017-03-01,14.889319291489528,-30.151344418959567,1.8050356459739303,18.180086893150477,-12.457549758071403,1.6673164446386437,13.532624578854351,-38.19048111316439,7.137289813944804,26.43446340084978,6.398363699138741,6
2017-04-01,-59.96692017464676,3.8308584147746094,75.51622070716678,49.1400484183456,-22.252474429725368,-30.76590425043688,-0.5240578433637921,-19.228377864935624,2.069823394565134,-16.843566098094897,7.857074849891802,1
2017-05-01,-60.28060777184448,-29.45380288375237,-26.42530372924631,30.12654829509475,-32.50466199961238,-52.95947898590072,6.917744655157961,14.065062308544055,10.525498833174908,-9.624712124080304,-1.1623472794030647,3
2017-06-01,45.35011079882926,18.804844048600984,67.39954760486216,75.48039317061443,-18.27924652793953,-2.8884997486097745,-4.86284877573376,15.448640026571589,0.3471416215542859,-9.511150286874027,28.403856446368398,4
2017-07-01,-3.922368026148021,-2.612110809120594,-33.39743170261383,-48.362156758604186,-20.220855109474577,-26.0391501781856,1.4547214626050788,22.588986342309337,5.91944643039065,-1.2386171051109611,-36.85687430799906,3
2017-08-01,-32.13611306548164,-1.5180637934728765,-22.46714964601145,74.69094261003278,-11.586180127267554,-14.842146469458104,2.2013037250593896,-7.357838363271437,-0.1931094808738009,-16.342932810873293,-0.2494741077935032,6
2017-09-01,12.095023944050766,4.837821234515857,12.695532977872944,6.676288422938143,-0.0100180120699846,-9.62339019067397,1.5956686142297904,20.12542119194144,-0.5985055137777522,31.374772418109472,0.6329071812926088,0
2017-10-01,-1.340507033123302,-5.706335585972695,34.49752329668091,-11.422433413417949,-6.007034312744869,-13.308051530716869,7.938799069673436,-8.286376184039655,0.0453129759514467,-5.260198702867257,-44.26377217205186,6
2017-11-01,0.4455971850843525,-0.8002145230255167,-26.055018225236687,-44.94030035077648,-6.300445625290535,3.4140783046793928,15.812427087286297,-4.2157476696410825,16.727678029585263,-34.48851432895073,-19.892538701667604,3
2017-12-01,-20.526065729878,-6.003377281430069,18.240707491649715,33.733199342559644,-2.7308908280818267,-14.501586494463904,8.844509427475316,-10.020595088066669,0.8804753740903237,-1.9466948027623232,4.467552741656846,6
2018-01-01,-11.832187008239105,0.1948560815683535,28.504500645794337,23.99082541969831,-2.6723910495803995,97.91915288050248,-19.91755080802949,-8.291589757278512,-3.71574722498751,3.098994369476344,-2.3219252050467105,5
2018-02-01,-8.584074941265968,20.171440516196498,14.39037571249412,-31.14533566687209,-9.062744939371887,-34.48706107651103,23.718301426110884,-2.3709545504901968,15.59508492847118,-22.522374795059605,-14.390415752089964,3
2018-03-01,-14.89961677417024,-11.767153415007527,-68.09653766824661,-1.9875118967107568,-3.395114858540637,-42.6751109838687,12.98375311498421,-11.58490021431647,3.2630579056349944,-18.920819297782444,-49.85601463788439,3
2018-04-01,0.2881258652975447,-7.335771863884631,-22.833335828323413,29.25031178912286,-16.394914560890676,-52.53506264840062,42.65422515208829,-9.943102264874977,10.592470211526404,19.51272452489337,-55.1120164111436,3
2018-05-01,-11.709304822982574,-1.2860466999796074,37.15461019935114,51.07195965638155,-10.36051124339842,-25.018695665726355,10.66792534504222,25.992452366721068,13.232146735169607,-8.050956326144245,-10.748722731884214,1
2018-06-01,74.42691170815132,2.123604834890571,25.2527768051485,9.799450809794848,13.037480406935096,5.292393046099775,-0.539841789971419,15.104212955340948,0.239349418284462,7.391352033497242,-0.4239305188969524,0
2018-07-01,-33.17376099098655,-8.881435109213513,-18.51550301882452,12.626026305252992,-1.568327919788146,-19.82739666729401,5.208546813744224,-8.487720953053714,-0.5075085012968827,2.4791118904182383,-58.28973723599532,6
2018-08-01,-6.16183392775703,35.786237388784755,3.687434529659385,-2.3246831194972515,-7.400594168394647,-6.881138459654579,0.8265431697064756,-1.8227986745462808,-2.854179938040687,-25.066431076619097,-14.818286275690213,1
2018-09-01,1.1062485128004482,7.993708824671657,-61.95546836753957,-82.74019153918783,-15.294562342296135,-10.007839217025234,-5.745458846647981,3.017417986407171,-2.274909007061126,12.485294873271386,-58.1998984828473,8
2018-10-01,7.938565137744717,3.3904498542755164,9.014223035397649,39.01895947630926,-1.3889640145034503,-6.711931785215441,-4.140243865927822,-8.897189796217914,-4.907310048428741,-12.272571079391753,5.322184181672952,0
2018-11-01,-39.32469463187368,23.397861745671904,-2.1263571164192285,-21.097768047249687,-8.38315674193204,-4.064531470693623,-3.470434839543586,-7.625701932434032,1.9371184419563576,-9.419126145061623,-41.39914821370672,6
2018-12-01,3.8920483752713153,-7.715195575298885,-45.88290475125535,7.018942059952565,-5.274821657512463,-37.52396378185753,13.657932293719313,-2.0023095805071307,14.456243801112308,-21.600004532114795,-27.454580323186093,3
2019-01-01,22.59731281218876,-4.1991865668200745,-6.315412402773468,15.425697892719114,-6.110032111882426,-15.469487779901364,2.542817981899105,-10.83906632920954,3.0829626012327083,-17.893238575192555,-30.368527158800788,6
2019-02-01,-13.187254340587389,13.70836620608108,27.235191892002447,31.545190034101367,-9.063202435011188,-58.4370717011705,2.981791586309157,3.2155492515149007,5.711627570381012,-19.91831800978564,31.979104219188542,1
2019-03-01,-17.311118272874594,-7.501232842254282,72.79582801018745,-13.12430773222448,4.605026023860255,38.489929248253816,15.708195396268565,-22.87083290573801,6.855430407731731,-34.60604098033686,39.96120483590121,6
2019-04-01,0.2783397561754839,-3.21334499589301,39.91317036550342,-1.6840472398758664,-15.991808973619127,-56.80319950390861,3.963817515362052,26.11404119410991,-3.073216919808516,-30.23581363016706,-24.314214530803756,1
2019-05-01,0.981291929926968,7.987219833938099,-52.06646967441179,-75.95566158858979,-15.002599912406254,-48.394259850957525,5.304312250130423,37.97726813088259,2.538023315738002,21.93988762493396,18.649289400495604,3
2019-06-01,10.72147359348142,-7.52207058239739,-4.033197023712518,-39.10448231860076,21.133601760397177,-36.441465175107005,3.2995175703062145,15.707338662648809,-0.0483599043150064,-2.527248594268542,59.09164988115776,6
2019-07-01,8.796727927550464,-21.104486495632457,61.188082879551445,21.42791426521896,-22.19760076512953,-22.23569828928755,-1.0555892380143668,15.867108658336388,-1.810012566524179,-11.434495104542036,19.32233065951891,1
2019-08-01,15.126818316419303,15.287217660113283,1.860684153345062,-48.37906077589983,8.843576466794538,-3.4202661734962483,-0.1278598563936803,29.296644344941875,-5.170479850008803,6.46580873063013,-54.95877512131858,0
2019-09-01,-7.426595833916302,-23.53860010375805,4.298812965922394,64.22650796118126,-0.5783894754696277,-5.218484927108253,1.879325980898738,-2.985123093000709,9.804651717769218,10.533906956780555,24.359522261068065,6
2019-10-01,16.897037225152246,27.89930182294897,-20.612801268693985,-37.94017928202531,12.591303615530672,-7.917382569498564,23.70010217012792,42.46107872267143,22.9529318895855,-5.175466612027975,-72.7493245056724,6
2019-11-01,28.39092692265569,20.663004011971893,28.193989070445568,-27.58063150585005,6.547795572277174,-18.807659413232017,15.815206298378214,26.22084368831195,-3.480017167799474,-19.49198575630865,-35.204391590731376,1
2019-12-01,-14.36025669373538,16.4102245789418,26.267299528347397,-36.67585171866915,1.718585237570517,-23.832225221794136,32.1578671717254,44.63378404519773,3.6399349616056895,8.474578824838488,-22.862355838735454,6
2020-01-01,2.244757821597787,-10.384495104934809,-13.033991592079722,-37.60808086803946,-3.2013251107483818,-6.350150949387874,-10.652977702964506,13.715620663988876,-10.573916226554616,-35.006367753307416,26.158035615983408,6
2020-02-01,-29.66012535562183,-26.00078570566269,-33.16814098966875,-67.4625404757088,2.1947565548986656,-18.501178160626186,26.23747278579367,15.22870172859345,0.0614869042304917,-30.22153475901345,-29.057733510226456,8
2020-03-01,-15.208503063457345,-16.099110648531763,-48.24706690727348,-49.40804699146189,-4.969855677702959,-30.61052073951346,-11.662162421977088,24.794481616602734,-2.633423011343609,-29.24595411700224,13.586438348773925,3
2020-04-01,58.26149783201255,10.259237444813252,-38.27291468316709,23.036463516828636,23.17454576029693,4.221929224600174,10.821163201334656,18.531169360155943,-5.42636481145847,-30.237888423262888,-20.52659722522779,0
2020-05-01,28.67236619263322,9.664737539051004,75.53546269051594,31.88989712025011,2.4575502209398863,60.07609980298945,-4.7103991393887625,-17.391291691238642,4.725778962668585,-14.674056648955997,29.039759243065305,0
2020-06-01,12.02571833440956,6.294887362188888,22.0522344152283,-23.51855637238515,-4.81881888099646,-44.35156396587632,-0.1673495699436067,-20.98368787504869,-3.7250097121700776,-4.444335717806325,14.482277947347852,6
2020-07-01,51.72887826067367,-0.3789093410250643,-36.1181060498098,-23.35018139643529,-11.14357429886563,-18.093242042015422,-4.538517248334488,7.278846444019177,4.595722521404525,-2.6982248315680977,5.278884612066264,6
2020-08-01,-14.717609595679464,-31.060660837381832,-9.132317973497123,-7.668278928280642,22.03031536483946,6.024396560558632,-1.1460230080039189,15.80316857753006,-17.824562891721314,1.6658338104828374,-57.55670843864283,7
2020-09-01,5.275622356271754,-6.339699241720368,-30.592815949613367,-39.81181473661805,1.7812037518079968,-6.832681678560014,-0.5522585796854074,16.438903506275903,4.112683852731379,-1.9367694968694025,37.75952014675775,6
2020-10-01,15.876843068328824,-1.0353611878822733,-11.458313422446167,28.85778533303888,-2.681946981197143,-9.09935963458216,-6.824638657346021,-0.7370092128267984,-12.91368978203127,1.3485445487830248,94.8005951014054,0
2020-11-01,14.96507283553838,-14.72996686401256,-37.62578733312629,-48.46735317305559,7.189401165715228,-17.354300641039814,-6.85631780924254,30.58316311655264,10.172097125951666,47.0763488430816,-22.556714521636025,7
2020-12-01,10.43247476437152,-4.2095063932864605,-13.227061403877173,-23.5726519629403,-6.623362513079432,-6.214798104981824,-31.72191020485073,-0.2331061177625244,-5.450249986011002,-3.524284167587382,-17.04456721740027,7
2021-01-01,-12.3092373868254,-3.737475026646777,33.06062644885773,45.89316696075872,-8.229755816673624,82.80332226183882,-30.33220287554224,-13.489364696265206,6.504008085819635,25.92718496862089,20.56792404078433,5
2021-02-01,-55.86170208641033,-18.184694447737385,14.53642006763225,-65.94851958188742,1.2190647747637566,38.36479143868167,-15.719398076011627,-15.983100827604424,-7.009665632846279,-1.566682734805653,-49.641122405510615,7
2021-03-01,-16.067142299011238,-21.81083557802421,-19.492181953908045,-4.92843908995026,19.528236578491104,25.386238973254123,-38.456695594306,2.2896554104722497,14.439940779047092,31.0150095364676,-29.0896134538509,7
2021-04-01,-34.54776128305487,-1.1424732567333535,-58.66646739186092,-34.90731281171729,16.008567362732947,47.18845402308765,-20.858324170984066,-17.45451366262036,-9.14401587930999,18.565872695987537,9.964675823136131,7
2021-05-01,-26.07362580838644,-7.191391823425249,34.99691768682345,37.485306332222734,22.972894844394183,-12.845613046477888,0.1555970101068524,21.6492916686925,2.6699256618200025,-3.639615455534624,-26.549117887440985,0
2021-06-01,-8.82879879059341,17.614193300734144,38.60085096219822,-1.844986520868929,7.747786197915794,34.428774440525615,-3.1236546335231985,17.993811276056057,-4.743058908054337,9.448306125293216,106.58544091277838,0
2021-07-01,20.314267088268394,-7.211666018243349,-37.36128007541296,-3.252951524027253,1.9299767848641665,26.304574777100186,-4.882718098831104,-1.2278863090539716,-12.333158721081674,22.541109929241856,51.638556983458415,7
2021-08-01,-17.679207341956314,-7.248325812821321,-74.85376050174006,-79.92413410489488,-19.15679456868411,-3.108652456101801,-6.231633926808177,19.555894312536346,4.948744288962615,17.41589736001353,-19.622419490262278,8
2021-09-01,8.924184413864268,-23.062677045208204,-68.24729107280993,-68.62662171150775,13.66468196483692,0.6998291283434526,-3.53266146891686,3.440702435755295,8.767674250798535,-11.25677069377184,-33.2120193798722,8
2021-10-01,-14.09258755575911,-15.118983281474854,-39.58269561610574,-61.86449151965368,9.795719180212735,-4.799763482803737,-12.25193236580992,-9.097056337213273,-1.4325343241168014,4.9984725450740655,-28.97314741678028,7
2021-11-01,-40.08198704445217,-13.42418669522678,14.467651736105807,0.1457825361524953,-5.33612430424056,144.1291869240169,-45.93163597461744,-9.753687669114209,-1.0051107470581258,-24.85241023598411,-19.640744377911005,5
2021-12-01,-23.32465960565618,-19.457616730244048,22.292146893352907,-15.242673372224033,-3.3151383381124173,19.796874080068413,-80.87927845001444,34.64413173807198,1.748532923565051,9.630317144651857,68.89621987562847,5
2022-01-01,7.946636037261015,7.658536652235149,0.5616948902247287,5.4140336555167465,-3.681568548355292,-27.952201806232463,-29.16795331965818,8.850013940839101,1.874966133661076,-19.116007454402933,-24.59077660282597,0
2022-02-01,-34.233015670117794,-16.631859971351133,-0.2858798189520968,-12.85728285731669,-2.758300645297476,90.4591558739717,-33.44565203496627,30.874193836609575,-5.229339179149321,23.46591367449811,-1.6591211148227103,5
2022-03-01,7.70734522951048,-25.729253179290826,6.204319550550636,31.73994907155748,22.771904330426416,46.28961679344542,-29.74838622468837,6.627080968674072,-0.4190653606372905,35.29374287379687,-0.9854391547905834,5
2022-04-01,14.277237549222647,-52.13552476662274,-80.84982584271843,-41.67151227289958,-4.277562719114645,96.22116928831164,7.848368942185729,30.309283458762152,7.681266310512058,18.52517080781328,20.928654637809814,2
2022-05-01,-0.0683982053454173,-7.034037559161703,21.68493832668844,18.84962620611637,3.636724756109047,27.057553189731124,-1.1796254853118668,-19.20426122391429,10.422912389553744,8.101712526835058,16.8898851303108,6
2022-06-01,13.80827174470528,-11.026822445114403,47.67805189509738,25.121714043585342,-3.2485891923265697,13.36655951243229,1.4001392071424767,-9.30326239151438,-3.1979488173639226,39.6290819879392,-51.68477596675923,0
2022-07-01,17.069502085351388,-36.9977014799457,-73.26278733266084,-22.67272029581133,0.1153398483508851,-4.618017087369374,-3.116977627290524,-11.74500313652576,6.860354915448284,24.176616167636155,30.66140826040774,8
2022-08-01,6.294879401058623,-23.6546916914394,-50.2188107914551,-74.8889214397784,-5.67331688034232,-7.338812522631976,4.868060283740249,-11.3996035306466,-10.233602750692256,10.918080912808364,-31.935172691847317,8
2022-09-01,-0.32771002633757,8.474642755281934,-3.0497002156674,-16.699915206662027,-2.463252614673312,-6.254521192378167,-1.2407402078965823,-1.8268749294227893,15.739856090894309,25.65012322141763,-63.29618243899439,6
2022-10-01,30.01499044117672,-7.182058106314344,-56.22394873007188,-29.96342984119785,0.9000460165906112,-0.2384809356091075,-23.016000425182675,3.097463808791673,0.918837422232656,32.41183408236407,-52.88168323334082,7
2022-11-01,18.574598300773857,2.7022203424484985,11.70550944235474,-51.631552164801136,-4.352163336694517,14.337796966620548,-4.428999360314748,-1.599614877709815,-5.354125098073951,42.7968282592492,-31.544472232073588,7
2022-12-01,-32.4926634619771,6.28005236617232,-42.15111735691178,-37.25183082265667,-5.798826351810012,12.514331691290728,-14.843060491375098,-9.028725895224058,-0.1451028182246005,-14.22378176929135,20.526654871445142,7
2023-01-01,-7.508275215001078,8.217822651297062,-1.396443767856951,9.361451321614211,-8.070781886197127,-15.669538540877149,-44.049765481979705,-26.49118350014109,8.442687605612207,17.34956058516535,-23.96028075983301,0
2023-02-01,-8.068605576853088,-24.593239028178097,-37.30430139789851,-69.55762736019088,-10.142607685564135,30.22589532896269,9.637950832158737,-32.810281562819405,-2.770958726024304,1.4883703591137871,-1.226865347569003,8
2023-03-01,6.740364002091738,43.10808839084534,75.0950584739495,27.52304807795724,-2.1278440982618,-43.852254515431625,-2.2772426486808968,48.10554526855117,1.7439565152804164,-22.90057092832508,-38.65213704861215,4
2023-04-01,10.305293319376204,-2.2452607578561867,-50.29287628129208,-52.25333273748102,-19.756476689078827,-38.06249275302315,3.367710592441128,-25.637387039133205,4.735679878349743,-23.375124795967,-58.40537602973384,3
2023-05-01,-23.85256838319472,4.675047493188544,-8.211159435173556,24.051305275853508,-22.21967576988815,-18.11512767368576,-6.846516921645272,-19.798550028075077,-3.66301955072079,-19.921700768296034,30.9914462827806,6
2023-06-01,-9.820973017271529,34.49481541530187,-5.221745224493148,-41.08690297346058,-30.99947675666757,-6.646332550733831,1.1443134028184403,57.60672162754621,7.067681569077081,-16.865401029988988,-22.7952041024607,1
2023-07-01,-8.248943137032214,48.71129448405817,20.765953050016208,-16.996550622927202,-11.354277941615264,-12.339212439722257,-4.330094540201545,-12.926827760301974,-5.77722474204316,-11.27960219689811,-54.5230927065164,0
2023-08-01,29.894738776256048,-12.372089012602316,-56.53981549933397,-48.71220843130919,10.56119362610852,0.5082700120818409,-7.340505798354462,-16.180992363142025,-8.631316025875805,-12.074320427771111,-17.486641307535578,7
2023-09-01,29.01979660961173,5.60182656572178,-48.179856295266376,24.928912618956417,-9.712652597604883,-13.45585264414582,1.69566987904928,-9.327012888285672,-20.991854591663557,-38.55233552125095,-15.24616021138101,1
2023-10-01,-1.8862665231961413,-31.285242055370347,-28.69299514644966,-10.138145985362216,-10.76395007635694,-16.91006632771005,8.527939548820854,8.706404826244963,3.0176408025095327,-0.6108237823302431,113.57791409447066,3
2023-11-01,37.652123796931605,-27.16492453577456,-57.35890836200807,12.173805827960848,-10.869843011958276,-25.248019777012768,-2.7679354792007445,-2.2698839174232277,13.488229625045191,-22.82733990821848,-50.33148956342097,3
2023-12-01,-8.983007955854092,-22.47807773728195,-14.468989931064243,53.31417269123439,-2.436498065025165,-31.234737712138624,-28.68231979496224,-1.2454575300242432,-0.260235305357881,-21.05491416790248,-17.154904730719352,6
2024-01-01,25.66186664728407,-5.746755044905953,-22.465129505740705,-21.278647423804088,-6.483435545985113,-35.07689356793437,-25.606994157854047,14.8158718752457,-6.842245611283168,-36.65778995830338,-20.350604594152514,6
2024-02-01,-1.349530764897651,12.883210253631503,64.15025543436832,47.32525668181693,-1.3740798809574493,-48.7775684986655,-40.25884428279728,136.63895051160415,-24.87459594984044,-18.986238763885822,24.286403861927997,4
2024-03-01,36.0814202123191,7.045354349063118,12.29681894789836,22.82144547819064,-14.792285056020283,19.73451738369789,-41.92550247394684,-23.348450396916096,-1.130885855568195,-30.853305219685225,9.393764610684656,0
2024-04-01,-33.92512812228189,-30.85760409414325,-11.23209279834174,-60.43006645390157,-17.748414127328637,-51.07968958344559,2.05086716300697,-15.748979745169247,0.0639655953179101,-12.83649826863629,27.005062084127303,3
2024-05-01,69.46599411837111,-45.71371458159673,-11.659147665199557,-3.129673015156925,-15.730807292677127,-49.45561162556955,-9.89417501544044,-13.55742818969227,-21.007558344512237,32.921973619441616,-63.986672415861904,6
2024-06-01,9.103392087277172,9.877502419707412,20.464449271840778,7.948718096687429,1.6848951235680545,-27.343915097319154,-1.9211860112811932,-19.457117160524884,-1.6751248014740554,20.85322134065416,6.794615158779124,0
2024-07-01,9.828785596955044,-4.229934070254089,-4.050091676023129,5.820855936193993,19.112033494640382,-14.99000737447195,-3.145823760401944,8.081651464317922,-12.327787447215414,-10.738438221678564,-9.455948017497375,0
2024-08-01,33.260526813437664,-9.42151746258314,3.396669610615902,27.31684881591696,5.312155134762563,-11.882207778256443,-0.6390676630777392,-5.355252200128611,-3.02165727636401,-15.047704754246324,169.20876174481813,1
2024-09-01,-20.420279704487044,-30.426754365520203,-50.89248249335169,-85.35684369427375,-18.0011563719988,-7.5681051928559615,-1.7122068252556095,-7.008995668190208,8.46735940421459,-18.308119844666464,-20.007999684961987,8
2024-10-01,-15.37153905156184,17.10324052416587,-35.62646379324784,-47.70167966146501,-4.144359758329886,-13.690836865949386,5.76542073933777,-6.279061267591921,7.085546706942495,-41.03434601672944,-80.23855421643266,6
2024-11-01,-0.6451067784824289,4.094213625436879,15.680543059619012,-25.416694688235467,-0.1234853539983493,18.548158080498407,-20.326579447277226,-8.978992332382361,-20.475834059344407,1.208487907021862,-25.46710637436485,5
2024-12-01,49.44437219210886,-10.49028422449225,75.36367548738649,10.901392095155074,-6.543962361746731,80.73498422543537,-60.54627787019992,-13.317170332923745,-6.574468660146877,-8.891652494988634,-25.865169622356632,5
2025-01-01,19.55672453277924,36.50719164188512,100.25405777845522,7.466569681707298,17.279323750280135,88.00893615382284,-7.065363902818234,-21.98046926600413,-0.13226422431093,-3.423039139130552,23.234103345426263,5
2025-02-01,12.434932729006704,-8.98927666458929,-4.779487203967136,-35.00598170476404,-3.2300855992463102,67.26338780485847,0.606543200888467,21.480846365992527,-3.06332566958649,17.101112446799192,-42.18550587222714,7
2025-03-01,22.04268519440112,-3.7483270158848825,40.61376229278642,-7.825156130977206,-11.297940184264482,29.964092151629018,6.069850693751846,-10.60692591273704,-8.296358711503885,1.1784197254035291,20.904804396128668,0
2025-04-01,-17.360241805310736,-4.789056424167853,-9.160379650202955,6.398233765734688,-13.534712392375134,-29.284147689128236,8.822022984914412,-4.473942336987346,10.250675113653756,11.101042460745449,125.487038886558,3
