time,Danube,Mississippi / Missouri,Colorado,California,Yangtze Basin,Mekong Basin,Nile,Ganges / Bhramaputra Basin,Congo,Amazon Basin,Murray
1998-01-01,93.00250752086714,28.370029869300925,31.89005233893163,100.62681597683773,5.176150973275739,2.327664390448467,256.8073710192292,15.72750461922856,72.86771210419911,71.1653636339317,232.6918105379403
1998-02-01,138.35465767134505,89.86535688946685,146.3011530305743,262.8414411094233,6.483715020642651,26.82227611372397,153.79261278742945,85.35192427152296,59.565329766216486,85.54197419327062,194.85286533044814
1998-03-01,136.55303237301067,132.68974725594703,131.14159122357117,99.27605172408242,26.039455900987672,143.63034243331003,147.03444069513657,193.58660465509098,97.8366372980216,108.40055304670042,143.61581054762698
1998-04-01,116.08238159133975,200.6137777901986,136.49757292451815,131.567213797615,31.974935258720386,205.78400755950184,92.30471022430949,69.34771391726935,126.93856623956361,208.2381482690827,120.6470172916827
1998-05-01,130.29183138667642,178.7333445920876,157.3827787270024,151.04876850916222,115.11986677884185,134.0771900037106,37.10108652267902,28.68896377755005,117.41110363002369,252.50849057788054,119.74810440213554
1998-06-01,107.11593411619957,89.99113470152294,54.0647920305654,117.34447629054867,104.06531101909792,89.1913767591294,14.057118563999225,14.226383649998876,106.53370664777938,257.6943421221417,208.4145651382082
1998-07-01,81.18842116887535,67.10149316764662,67.72867291042938,119.52596346137497,54.20477324590779,113.79128793104994,18.32644105245878,19.047401984407525,141.29880331237416,211.8304527229173,235.33946135349015
1998-08-01,78.29181086107303,62.942207296409244,83.03926235100258,136.92669666230879,55.87484841265948,26.324668855419898,19.11233316241637,11.707763601491182,176.10333949909761,189.2926363433679,188.22811372679777
1998-09-01,67.03167252023938,70.62731271183183,133.93561357771065,153.93674519019547,17.587015432161227,15.240002868018626,26.29411018338045,3.9635421259602226,181.46773639458434,149.21626786605876,136.01501777879324
1998-10-01,65.42187150792586,41.942533363501674,69.37691179577625,76.46094659091708,19.63612810432581,46.85701896936998,48.43164417513009,6.143471712254514,163.94632352237736,173.22431904603883,166.69059937849073
1998-11-01,83.22535246241152,60.693932314231155,62.00508425223179,147.34436857984457,10.450748533175252,29.880095056612767,91.3127479158574,2.9697279643550702,117.04601035338196,154.77825092803883,267.3775813511045
1998-12-01,118.21966446959782,69.43081052346507,97.1209726934314,148.74464338754404,8.04361123355036,35.053595507038104,166.2005319117335,1.9952361453279794,78.33631805519272,183.50845718337504,183.10492820300718
1999-01-01,77.57022272431449,36.46423183596992,63.69225222283815,71.14022844905699,4.711640477869228,89.43981113766709,211.11351745468258,6.153842269388411,75.92064941486319,159.83815898069864,138.80196747842027
1999-02-01,107.09772243427633,48.797851330823946,26.077966109388186,96.91896882590036,6.501390283033186,26.739806101522635,164.27697001271775,7.617749548222514,76.718481423762,153.04577162245155,105.9893486408779
1999-03-01,129.84702223406484,78.65763145104331,158.54100530968154,198.79062632212774,32.986418799168426,262.35208295479725,225.40797326289808,26.834207421424907,99.52739460662944,127.81600793862113,186.33111745962097
1999-04-01,63.224620950671564,119.53186631775348,162.7470220388893,125.4343461717649,14.491215959988827,51.066990395230285,102.5455667472078,25.512723505882974,120.75301699668921,218.33035730404112,291.0768169352684
1999-05-01,74.92616537100197,154.47024516612348,131.81024529434757,161.64013316900986,146.79882425998372,118.38494868686361,28.58391193953054,32.98448772503225,133.66660256936368,198.97724363396622,202.370200369217
1999-06-01,138.44017169322163,139.0707214207721,154.8304171652976,195.52348111329812,46.131130623324175,61.2522330367444,14.063205127474447,31.79046672474869,114.98872098629953,236.70125911181802,178.31176529608078
1999-07-01,152.32870273380192,132.64144368535767,176.68633802472363,181.3955837473774,69.35746562196553,25.428562693579504,17.293380890403583,21.724266080830446,123.6110620523474,202.74333002054547,134.96893125530246
1999-08-01,107.2194900088727,145.46590660655946,251.39728674537147,180.27490050592257,47.20798431095427,18.08337698797027,29.372209595403717,14.451378695978041,193.24562189386822,196.21970667437915,100.3442229224416
1999-09-01,72.3248116921234,75.40141496776639,145.94574378676572,188.8945822247574,45.86823954548033,12.689264687316754,29.260223607262287,3.945881761741521,171.8574881964481,182.58734441117943,135.06806572348793
1999-10-01,58.364644609277256,49.81628811155453,142.7977079908443,147.47078235769715,18.0541125226725,18.885631868414343,53.833749217146845,13.763346232141176,186.8917396061014,200.58018571021634,257.73149935818924
1999-11-01,85.25612536057244,83.5297733218388,100.88013256343312,110.88443411742108,11.61807936257425,21.181358103439276,116.78349200384854,55.39370152906171,138.15919927253512,158.71887141902036,202.03129285039068
1999-12-01,57.188476072073904,57.950667896951835,78.2376900325391,130.11339796013024,10.37810785492509,51.93545871726474,128.0720294941604,23.069010287613843,95.43541183385096,154.1420688597169,186.5015221824114
2000-01-01,81.36766595875748,48.44644968441919,45.54828899092533,48.422541041230104,19.69365236601205,61.00821260610209,174.73707475804042,29.048086749660285,62.99110355651619,155.1367125363993,158.82863065930573
2000-02-01,116.5222589144728,63.50875603207821,83.62208898045229,70.66405726331347,9.881724395241156,168.92843680545676,197.02626986247128,10.997727460996611,65.16930104312455,112.82525884761662,162.0448309139768
2000-03-01,66.89166087122405,80.4961410719834,96.05085752949704,76.98282848023022,45.83922111577735,100.99623564097186,198.04249514943518,18.195971706356644,91.67554112117675,155.30588101685288,162.94923666577043
2000-04-01,82.45396630530594,105.50133226486327,129.1463652230977,172.5160026463687,17.254233273519155,112.46890998179529,78.42634716883478,10.199655110412918,127.67718245178447,200.95532519480852,180.23758730837784
2000-05-01,91.96320023692265,149.3262899638097,192.60878324594978,143.99117392313534,54.76202419303676,82.35822309319478,41.172444980409644,42.063298787164726,131.06563856300258,268.92421236303136,184.270059258387
2000-06-01,128.91039734020956,132.68413712750586,137.4863362532607,238.7895220925127,51.91522630597258,98.40105239999728,23.288184417719037,14.705659183271193,114.41813636070958,227.1802534255422,162.23936579323959
2000-07-01,96.70575936623905,141.78084688114788,260.1728439331069,241.8850095749735,39.16632930816184,28.08742770400988,18.764199841147676,10.874774042074652,123.69321189378098,214.32346188526776,132.88165789688367
2000-08-01,110.33351304154603,114.51415663475746,123.38932851696305,185.01164531389014,56.218812332212906,30.962794883973284,21.180845546243066,19.755953390810262,159.75462540143664,174.81307783340702,159.90046975871155
2000-09-01,47.10251132490935,109.46005235131867,194.1698851456726,159.38822669383498,27.32938886647045,23.86903860175151,25.290541994674545,24.072603939589296,167.14837506623803,180.48018177838279,125.86501637846814
2000-10-01,78.428815037956,82.1599466282228,127.66612382248299,133.17387129790188,8.540232021830063,9.059589343400257,55.9217972732014,13.069225105182108,175.67932030048138,144.00715630467346,200.8982718051977
2000-11-01,129.8033676168031,81.22679375988491,132.8075225260873,171.32983254636403,15.753028397705581,27.154905190892038,166.3076413196744,10.861537490133502,130.83408011976454,161.93310458929798,174.79336457471524
2000-12-01,102.7765797119779,68.05242596503454,199.12332845271342,161.53452547934018,4.6965124930194895,4.014990066461816,202.45841498348454,5.593471113330895,91.44113036553355,119.41287280508465,217.74783452612192
2001-01-01,100.55781712084294,50.67142013984288,23.47610773964847,43.85201070082913,14.053076540552553,63.58018049376289,224.32262971364167,8.813707762610985,73.02911748219421,107.40211765003652,187.57311692349472
2001-02-01,127.81698774258656,49.95161107185681,35.198788138257996,53.96029269468801,8.330687535937635,69.76105551746613,206.5920072974708,7.733614121451415,69.30937526016434,77.56385877475849,140.9350875640656
2001-03-01,130.7722844332065,106.39539438573311,130.18136580808982,102.63890956398336,4.153733970031566,76.35430800739803,198.07253056813906,24.837999395199965,112.42724475754234,118.49949467496273,189.63710123754132
2001-04-01,90.31121388810364,105.18750276106114,98.29275365700812,188.06943629558694,20.25643522198374,57.02451151622773,76.76508873314128,43.971785814392476,145.13454045945593,157.59949018340177,222.55667091146287
2001-05-01,148.01302735404775,135.33019991482738,169.6527481528448,105.05381737768029,49.02185021805285,48.27120826464918,38.858187122225246,27.192700469087594,136.44865266020352,227.6941350193068,167.97317749705584
2001-06-01,135.4864096421257,128.88356539344457,165.39763214871084,171.81169326593312,45.47916022916728,47.69147402095886,18.120332184380764,69.91099080569921,117.62653507023327,209.0111546385554,102.5091414024655
2001-07-01,139.3203769718626,153.13619232335066,222.8830050863282,230.98397253755797,75.38681285786917,36.385581201644925,24.260074959517446,32.37170745435292,136.2615673069656,197.07524657661068,114.609461251721
2001-08-01,50.797943231027084,113.85173321444097,255.74834378695505,227.12169486941255,31.043066137150163,33.648408342600824,19.53196801962628,12.648326274206072,154.86364169574742,165.90103631787503,158.01122754517775
2001-09-01,63.27558105446461,78.1288210220699,153.46603528481717,194.06921937281683,21.350752131091735,19.139041393605194,32.34257046422344,14.621609908795712,164.52010450970985,162.06761388410297,232.1459356514066
2001-10-01,52.37193158607365,76.33215390137238,122.69551046450694,132.25949124538388,13.178153512174273,6.676472367993918,54.14910071634348,40.42955705682075,161.7851879949369,159.3315164176525,217.3146303833853
2001-11-01,52.17834972082866,59.96705922953166,85.97152710344828,106.53253498828906,9.849320063509614,10.873271150820328,108.42950725382673,7.892080181537945,123.98388409019718,117.38183058126076,212.7675174648771
2001-12-01,94.07718085059064,71.70157301608896,135.05221457879276,134.52262796986733,16.76667555225274,10.526865676189841,180.20203579731188,42.043113601124226,81.4510293338166,150.101574061619,152.63535964178655
2002-01-01,77.88591606876471,44.18159852285899,70.42402957676613,93.08080043229575,12.535896309626052,45.52458437812021,198.04369879472804,101.13861090404929,76.15442575725122,102.78780404906426,174.87990885100692
2002-02-01,110.14381057643571,90.67171049546377,108.83211849363803,105.71035978605707,12.565523829039174,42.60927665619114,131.31596575816204,31.094355037188258,80.85240208157582,84.96318359701489,120.73231806419238
2002-03-01,157.00072745427104,128.6121571829626,115.20734595939123,152.34711704966819,33.123506756123504,95.32552799621091,159.4728323992489,52.1625930522026,119.88163611364189,148.18363710986384,156.84015652863698
2002-04-01,140.54760894182735,84.24859160167168,127.34724809401185,107.4203069518192,41.71521768140613,71.98177647990735,110.35358561915564,35.686900424309826,129.29909387285028,207.07793982691874,155.38482624410213
2002-05-01,143.03737262677924,145.83079378640133,161.9793554621542,183.79698445938692,62.761650540325796,108.47303298842321,35.16211193580789,12.976066934662926,118.7039210883352,242.69642933372236,181.3783977991465
2002-06-01,81.5300617687292,74.55240525198172,93.32284623361494,165.31635497741433,57.39226811196065,35.95496434609805,18.485283244648144,60.27413588061875,109.6757019717868,234.71396361984742,197.272820234615
2002-07-01,120.70047669355952,125.44651421037055,228.47590269071347,168.00104350432483,49.68145662338079,47.88885994122315,17.754423741083265,11.37103451245351,122.00794656295399,190.8205955556871,104.02797709258608
2002-08-01,115.30129692762696,144.9284061231544,239.29166553129065,246.00093355504572,40.18420699952037,17.311479331089828,20.400094656443294,14.032480411198275,158.37088362408056,163.59958170067947,105.02687367211536
2002-09-01,69.59054259215416,93.97242316954255,151.2076761483054,128.70002911867374,10.829272174719298,6.609834784619575,25.27198282703688,7.327685846060711,165.83275256004347,143.3371714487,136.97275505339778
2002-10-01,94.50326815060859,87.05015958123533,82.032300958943,123.73631727882965,35.06711674485978,7.253899149233391,51.77120166896737,13.526798029249152,194.2752440516218,155.31260559500728,204.3464341641983
2002-11-01,122.2601953998753,64.66458153457376,93.00626306151557,146.56918319503802,4.670310886134267,2.3411850955437887,111.72901396057397,33.04637661507765,133.23079922992324,149.89951851034374,247.8251637518916
2002-12-01,94.45090557841226,74.69897013657048,103.52560265996813,125.8351089174055,22.098126234022423,10.111151847340096,180.83282011539958,34.48172246980255,99.78594731508257,109.75903128833879,198.0070663440425
2003-01-01,84.53009450205533,48.72950191630821,47.02725892129635,71.4601753868406,6.523281316552256,6.968820383166594,191.86524653670347,12.515934800701478,75.13363037780168,54.89607760125268,141.0177082985152
2003-02-01,116.62769438242854,44.41513601097683,47.28529263439402,188.96254056580116,16.783257093571372,93.56191277126526,136.87545706693973,38.13632830924889,81.38416228240796,86.14862865639799,138.35846310468608
2003-03-01,93.17925128769271,139.79943647098824,179.7469948909569,173.0387300783047,16.162161519114942,45.16188383053854,184.1433330339757,31.214658367069674,110.4013131353432,99.89302510805861,160.4265001939422
2003-04-01,127.35903575259614,103.8366882282908,134.69969980435667,107.77883253241102,39.81442126946757,34.74283010031819,80.24712987468192,18.62128000026295,131.74856232118617,186.7756698069388,114.65453861779325
2003-05-01,124.79231359046766,102.99722428985778,170.1512626079811,117.58400453134553,65.81582154422497,143.70589488970768,38.00797449447413,28.364167264852355,121.53738225996463,252.3443310521303,180.69657497702374
2003-06-01,117.51218338825332,132.34813547363143,112.4783855110837,135.9289428833366,66.55103974041046,59.60678434657919,31.136448743641285,69.78096283234578,128.6744121764216,226.5124826132153,122.60669647288736
2003-07-01,106.00253009583652,101.46797463081147,211.3977222911722,157.53968019283,39.380857562580616,42.186624993809026,17.208965174481214,11.507963904496613,135.07370626059227,218.33992025233468,200.51283827658233
2003-08-01,93.98651104417992,132.52820762507983,249.50940208456453,191.964947390028,50.453391157546974,18.404517163400424,21.36247998912431,47.58414641759332,157.11748356235574,172.91655765228504,95.84070693668808
2003-09-01,73.99344221749712,103.83793323745275,179.59026503132148,120.09558382090896,35.101928790742555,7.743532462979964,26.700268981177604,15.341024035464857,164.63817042336817,158.48757908850698,215.3917140675591
2003-10-01,70.0731494424375,95.94784528452291,127.38801687047876,112.7421034240578,10.667101035740314,10.71011053661632,51.14440155520036,16.502027869862175,159.73020427206163,168.30558327030192,202.14416413951662
2003-11-01,98.35369342185135,86.37005984276064,138.34749649588622,151.26759401493348,10.77364482164821,6.51234291098878,81.50219992615567,8.747882483485558,129.8713489604703,172.72769809177723,165.80166010561553
2003-12-01,115.81382915495048,40.68441464151859,58.19603964546726,119.07559021214128,6.294255213103159,10.161273105621662,155.40171131768923,8.575092915975231,87.03052954960695,124.65412046960364,168.35493951995653
2004-01-01,65.87842664204467,50.991821597082016,97.3120398047156,101.19894733068529,7.162687822196667,14.684024776408165,193.35836173312993,35.31788325308856,73.30258198750373,77.11361083383728,142.0452607652283
2004-02-01,140.44968509393343,77.62796170923876,52.91679369915723,89.2018648237046,29.66608861776315,42.965709912859694,159.7045058234517,38.90360098718381,70.51648712466108,95.08732278562142,87.78782896024417
2004-03-01,118.74088674056671,117.61748504972479,65.90006528310137,102.8643940952294,8.35698898192999,87.40369329193521,165.3940620054004,55.11621463809401,96.70304363977222,136.93258511543817,155.19710057087164
2004-04-01,110.3614461795933,86.03462891815151,181.14199881995674,129.66294870805316,39.03546170906007,55.885817745655565,121.5560943571416,23.35240469966858,133.27032967953798,197.98445629251634,136.89591233239858
2004-05-01,101.07985740768903,121.39030741347602,150.16204104488764,106.65926784014422,53.409915229136075,31.009771782872647,25.680258027171778,51.93301068908241,112.61287946581623,297.88184155680904,134.00161523997784
2004-06-01,105.70445738934315,134.79203477996978,145.71113927099398,158.17629836966117,58.34795579610304,51.49697410618925,15.869861102146897,17.47841679659661,108.67165751581413,220.73886155297433,72.27447616244474
2004-07-01,99.16784266582307,167.44907124697957,238.46975864285315,184.14035657277682,60.424702763991824,62.88561355079716,17.97700776490661,9.57078369983092,118.2499640716866,224.4123244434913,112.82884821866178
2004-08-01,93.4053900324647,151.44386534928495,346.09617410573395,257.16696019384904,42.79054155555885,17.71141260957561,20.632747261431437,10.602293449559445,154.75704536123797,180.62583074211318,126.5804198757479
2004-09-01,88.0181609524478,108.44190467350457,191.28058843603316,164.96326378045325,30.50304756891771,24.52045728024344,34.164274465671745,6.773725515661341,167.16352299426157,180.6439819973125,65.34298320559046
2004-10-01,86.86111729332758,63.02964063627599,116.384396761267,156.89333086476884,23.37231901182482,5.6556640879297735,61.115700544726984,12.895190511235057,172.2728691477356,168.48544187874955,178.132743452903
2004-11-01,93.84529671641108,79.76241169173571,120.72907664442025,93.79268892124794,12.023554080267548,4.075309147110334,110.77678302903762,8.563098628135123,127.54831379252664,160.70465557878984,94.36332045039455
2004-12-01,106.92983827076934,67.599087146399,22.985972361817574,24.002938419952777,7.762557363125037,15.199288604497408,232.08388016223566,6.758231220410236,90.76354731350258,101.2861347479029,203.47872571862823
2005-01-01,60.916119251802314,34.80169023267297,45.75330264138123,90.07885565168144,3.008209464173482,22.739491223664157,182.4325747268635,3.6645177962290845,66.98507120518569,156.9430656009703,213.26666511335182
2005-02-01,118.91402211490522,101.58832300162894,117.3029877120881,232.67858556655298,22.14572929300712,23.18582933712427,108.62516417885776,46.82550976649713,73.02085098539963,119.84062774364912,146.3202599070347
2005-03-01,113.57739982328194,99.41076368059309,103.27486343311706,142.84752278872526,37.672286098764665,42.876142300463556,133.59403994354525,42.66624338339521,112.38162130165894,129.9116613017852,143.6838322349077
2005-04-01,90.3447255241714,110.75125072989073,107.13777544314677,134.4488536594737,39.584937228207124,87.45094167098111,66.12970208406955,22.307879044687123,127.70577362287892,228.39854229123543,133.39318030801505
2005-05-01,119.14732800601716,118.11277288252633,153.2323071149035,183.5243274133611,100.80982522238375,75.88775907779473,46.68455678859377,39.38426149632088,140.1922960492417,238.68690977128253,193.2342770519517
2005-06-01,116.02899044408113,138.34895562567897,160.42271033229395,185.7986019003772,59.144012813501284,51.55887422654627,17.44598773875117,19.606187601155618,114.5219292825167,231.9312935450103,195.23066738933042
2005-07-01,129.3003342805211,136.6670792274173,190.08627290270806,187.74591070813318,39.75223424170403,35.44926776166967,16.750245489863236,17.125742591375793,120.02572016318209,227.15397064951082,150.51496354045793
2005-08-01,98.73355514104634,158.90862288996436,215.849442758819,165.31373047614798,44.21046697381105,22.231689991610764,18.09950922078221,27.24668833217984,150.6442598095877,171.63067549323645,118.09265806495308
2005-09-01,53.8239124756054,76.64467652397926,178.24484395960926,140.38992561243887,27.26220762884332,7.466468170995645,27.326086732627452,10.801819522154537,153.44516070950561,139.51757800058107,120.45423748303031
2005-10-01,89.30370301206942,72.63181786331988,98.87316963732611,105.37973391009058,29.08318611728559,8.577317595641066,34.854409826252535,9.273159714711685,161.65794147080393,183.76766643566773,167.78845158328448
2005-11-01,95.25245144415246,72.8351740914742,76.98908699675067,179.65074924756485,10.972002101712748,8.209335681525396,83.10892617704403,28.697442750717055,116.08265268873502,178.89578775529955,188.37956682906938
2005-12-01,99.93747814071669,64.53291820260509,125.82778509058727,125.98548998844475,3.3449844991553324,60.55899336355871,170.7051712987982,5.142522286783278,86.59263296823865,163.77546827110532,164.53679159028826
2006-01-01,84.76791851703128,44.41284353202618,48.093971080285066,63.994832193474835,24.14391859213057,15.32141691360616,186.79834712342634,12.394458979672079,72.8592047785144,192.34681826840807,149.67860545930264
2006-02-01,142.37485904669518,81.44048978453527,83.554772408904,140.17265612273872,12.467370867893075,15.133428438929919,158.41242674573982,8.097056116081133,82.31626671508332,102.31935096609591,92.07154652415677
2006-03-01,106.14827376260646,93.19450248052664,67.2149091759574,95.65114410613714,17.621647386536836,85.90307495026917,201.34786166606065,19.569177124718998,113.55798137525046,130.80014676013516,195.1044118502703
2006-04-01,106.65987947899237,152.52220697488028,187.02426986977855,151.89293726131658,6.8272148603780245,56.796839500702205,110.83188427977676,56.071363386615175,124.071653894248,154.1730779707732,195.76431204550258
2006-05-01,129.14769463427794,183.33808045085172,161.03182544989943,142.4124606626535,35.124671073334014,75.89217350315967,46.85450375970071,91.19422714640707,141.7887442019609,244.41142502463723,143.93325171196167
2006-06-01,122.80714567045366,184.48227216787745,192.7230122294945,233.26106759641823,22.02939792118356,37.168084900743786,18.528731109417254,19.022987900673776,111.30283601259445,236.35019484482763,161.9000481708866
2006-07-01,99.14273703256195,117.12683232829691,130.84700811026974,143.67924149360306,43.60586796467505,27.978617561801602,14.142187441046742,21.044293278569175,135.67569921292824,215.36353210249735,212.67087982901484
2006-08-01,101.2250991868682,109.54327966265411,190.05619670272674,173.9036015290754,56.48758541051807,18.508564575465883,22.864815646940933,24.033636254661232,151.9250218520766,174.00015475352427,254.63135040372975
2006-09-01,78.78266111501563,98.04768975736093,134.21333785374838,162.15493519428833,15.831767488919027,13.664266834766515,25.485977306742104,6.571594376699111,171.5005570600128,134.70950066076685,262.9611591635126
2006-10-01,71.90651434756816,79.53516315252767,124.89122914328084,147.971904771591,12.212604226758568,4.398957781239584,44.99738454884955,18.670788775564866,174.95255079332495,173.02636865943578,297.8061077575996
2006-11-01,71.75951924680959,54.012564950260185,87.5347986956598,116.86942420939066,18.99338819323251,8.299131099739958,149.18905631411522,15.581624865114238,123.88004152702266,166.2378880001638,204.83144864056777
2006-12-01,86.58266836336594,54.45014528686508,42.9465388071189,66.12845038834158,7.791919688200373,25.466358246283427,236.85498408663244,12.579916853972644,86.64122595541811,133.00997930275162,216.12602039936743
2007-01-01,86.29634088484787,39.57644985363616,42.0704808628292,83.8195950150831,9.449275570481094,26.596416431873006,235.98613839444158,13.66869619705331,55.46932368579809,89.46634850663597,169.2928665726434
2007-02-01,141.36713148119293,49.699183288298805,86.40952167318939,172.32031041505525,13.593098974704613,17.22578107355294,176.56408922722002,51.222635294333315,73.2694315793844,51.80136731371092,152.13150497431968
2007-03-01,111.25063273336077,95.64247298512937,93.18874150079732,147.2849738079837,15.83117609100689,79.52726154989047,132.25299568711878,28.814034714591674,107.38841672310546,160.15917665931258,107.9867838048298
2007-04-01,119.41410785277527,91.79566483028506,128.7445209334389,93.69812645732192,17.808428128574924,44.20467399643688,89.56909505951232,20.492821092952298,141.23202371419498,196.17173182454144,185.34424225626648
2007-05-01,118.81236903811698,87.35585413224464,89.49701569679868,84.07631370320766,16.002363854293115,68.54833129953704,32.319803338896655,36.431693281318246,129.06908384443497,251.923288920375,162.64963994313885
2007-06-01,98.95114883348913,81.56911229255351,64.05224947112224,63.65212925033702,80.50782815778952,49.57811729184989,27.522530884087825,56.478140177983214,130.7329855576603,253.80903574774243,116.05675316717004
2007-07-01,164.24589051331782,81.15939704207727,118.94425791440347,242.44516912171918,67.35327625207003,32.45981936631087,22.943501551241543,10.35380387127539,139.17347309374384,185.38728530726843,222.55008632303407
2007-08-01,74.59784956391884,92.13787795583414,65.5416166936735,90.95465010191376,49.515278110318135,15.794470481423788,24.134062710020903,16.537022611341474,172.40741048731925,241.0727870064564,62.355164078003256
2007-09-01,58.505425867214264,59.13626908312468,132.36321059952962,191.55646347986152,20.701263584318433,7.7074113296388855,34.32691323140801,11.654361881368263,170.51980252722726,158.90985570961544,153.0020584452142
2007-10-01,66.73010733604951,74.98187789011995,101.86447345087346,114.81313610314893,23.45593767759033,9.000372481702957,52.79577716133648,14.759180689016054,170.07568552736203,215.3582193362915,194.67549926701003
2007-11-01,102.89903217287757,59.69452273772794,88.53045257632883,163.79349886616322,7.363922592668851,3.2821092108072087,103.96185143994241,7.0302311541711155,140.10347269005513,128.42308350400393,226.1516298215981
2007-12-01,93.91898063346981,52.81561473738231,49.19315053467585,120.13148123403047,14.54691702550345,51.82905716241443,237.00930966871752,18.65780919515378,87.19923928710537,175.39497340085973,190.01930361025083
2008-01-01,65.59954564201428,48.90705047823549,54.67342610277935,64.09018978564008,3.8036835811581633,12.741300192770227,242.56455657371944,5.6364630298281195,73.57735662308188,109.29170858281228,127.10616310862041
2008-02-01,121.35882699632445,71.2188928630739,83.89149628457129,73.21487716841256,40.72361199860137,78.83543463115568,151.84187940746497,15.122320142223897,63.24061228239397,131.06742613784948,138.70666744467943
2008-03-01,98.30198298020387,103.13190791826534,94.07039114166491,140.81975491880146,37.904539151372624,110.56252828142756,152.6145977942549,64.65128491362822,118.85481140783632,121.2353366607247,151.06959085581855
2008-04-01,129.67493040904375,112.51814824247091,120.29428186839425,142.5829792618182,40.25885978152458,113.69198670442255,71.84023256385788,22.07647577713021,140.08650896771644,158.4936733819971,174.72493112034613
2008-05-01,150.45954980737716,170.8094914386809,147.97630994545005,177.16490482308797,51.515921947000024,33.67689962559556,27.69554213949708,76.19917645186327,125.98427074200819,238.988512046511,314.99338011898215
2008-06-01,67.59729751305363,110.53420659707984,125.05190065111734,135.16704044734638,70.00708351987333,37.018264457568435,19.297194003886208,61.44711717344313,107.64118724486343,225.0009083721199,163.8753383403195
2008-07-01,128.86318058441302,143.90682847580715,146.13814622886366,169.0155825762698,85.90101810085376,30.919000861232007,16.832088720540526,28.7710909040513,147.14096907360047,224.264411497309,67.15073406896438
2008-08-01,81.67575019725261,94.99988285585631,124.17445281807227,88.42876352718629,26.67453133307565,20.23174023335151,20.14614987627102,28.5860865380575,151.61082734789792,179.60183894946974,149.80106111124925
2008-09-01,87.59194660785903,68.39332592825428,120.32034425543708,110.63762155341198,26.474254691188566,15.030017797867158,28.56563126068764,21.15539218014859,173.67967302697915,172.7401406735541,248.91621284099392
2008-10-01,69.25894519370543,57.751947849190806,129.42822356457535,100.56115502547885,25.515425114785966,15.103763138757184,59.24295112516884,8.963217186550075,162.461094701601,200.69033750821072,237.9294028843292
2008-11-01,81.30694225930758,49.017059078486824,60.17424519404209,75.8658248682751,14.241196270987183,25.068980623468168,124.36084024570674,7.486464427897287,117.7517031632967,173.4779805528495,170.3677753904719
2008-12-01,87.9561039694812,45.908510161124205,74.62400250827247,91.48072855719735,5.429629845511771,8.69366962083617,193.2011525806566,8.499127698668225,77.66377294447787,164.4938958562022,202.3975395478564
2009-01-01,60.62716121845103,43.75657520438719,55.15108944175488,83.20472200082233,8.939782505295613,7.819430179680688,175.6678928983674,13.973603054287322,77.02445793649166,161.6014245361797,183.01509679032412
2009-02-01,94.73888354944218,57.695632104691,54.801331865620064,83.21949459824967,15.882082429443361,61.12274203895825,174.69098292934075,22.31043094934401,80.90565707976948,127.32652157505152,115.36085790682039
2009-03-01,141.64839228495165,123.83213355857819,102.52260207097666,82.30117387220605,21.775339991146396,110.50998321669321,165.9703686097016,85.9957436673048,100.72974359037836,145.53749590667704,144.31341125029724
2009-04-01,141.7159655012401,139.93196593008543,167.89970098117715,130.46429524430363,6.48943656132319,176.03665466910206,89.079377215389,35.936671435283564,139.36553854649785,146.19008773093873,186.87999906232847
2009-05-01,138.12651948285176,172.64838029952273,263.31627564669515,205.8472291816394,37.44460934777438,95.4305411771514,45.28346477784978,54.92919647919089,118.93566256303497,160.9464276746191,150.57764501561329
2009-06-01,149.94368907056557,140.02941960034278,175.3770859215627,179.03535855219374,49.61456606496169,45.983507563207255,13.094073292973277,48.72944407831682,107.98126918202843,216.76628590621024,174.64489193627264
2009-07-01,105.19279620820058,125.39892728547363,254.02054036528034,255.54529465818203,67.79245169520436,37.06133955628769,14.071226686443186,24.56995468757962,130.8144377967578,196.9780558670013,111.12756909876575
2009-08-01,129.57431368838766,160.2787178169375,212.97084247820268,173.47952196047112,45.017233661088106,23.122508555110095,18.197597891185143,31.559979390025998,156.42197950965857,153.79427978219732,261.4259341029217
2009-09-01,79.49618671914008,76.81175737079764,119.3463099002511,80.82984661478815,18.066713109565026,6.347285399758823,24.906267871099562,10.204597537562845,151.2916983997016,124.4042506167655,348.5098545953697
2009-10-01,94.17062877148663,73.53638544155396,114.44682680817438,104.62624934626123,11.316125756407311,13.153359483472665,49.738604774745596,9.193636786260154,168.28450375031716,145.85129368769515,240.1893539086713
2009-11-01,128.1662105004046,46.02995145611235,138.89560929599682,113.01753299569796,32.390721307149406,12.544528014607836,137.01377465584565,7.8339937097263235,131.91375425556737,111.80726386552925,178.10232947034933
2009-12-01,72.61386124949384,55.16606062002061,30.391366370519872,60.51782016089847,6.662741947655035,6.749461902590864,178.58497072177107,6.177922010709191,88.18318605133608,105.30464668807909,240.88584963298104
2010-01-01,108.46729547456414,43.563698332600104,55.11568222024432,93.0751105120849,6.590785244972186,61.31320577933442,151.16116221170367,16.97003784400656,70.4467474718415,73.65721831283095,119.55228315924603
2010-02-01,137.90588720501592,62.83797151101059,59.69309196070249,154.46613037471909,17.875171798691554,16.438657593197632,206.64452060722314,46.707601858181505,86.6395502209895,87.11556797116845,182.46403043759295
2010-03-01,73.70914134166733,101.61075393796378,107.44245414920853,96.94503696467844,18.565227172490122,63.673505996162994,162.3575829472716,55.46989868590877,114.96921757929265,124.8436955940256,145.63448608265705
2010-04-01,132.37206704135323,75.99816765468894,110.10588364366932,143.87377361649263,17.572562368801048,126.89514671881689,90.2783046867424,38.08238384451711,130.4812432792103,221.71485211241622,218.30973314884952
2010-05-01,135.94351276314387,103.94902362611022,96.70218717738179,151.90535960087828,31.19926034111118,57.98860361083217,42.607575074298985,20.797850118320458,122.53768906021105,254.02708661045068,166.31625712747103
2010-06-01,82.0450897049289,108.90549563862055,73.75394877509092,151.13107618602362,28.297850509112667,85.18053939828683,18.158239395303386,20.953520631073435,111.77115452661018,241.59497681653025,202.02372650158048
2010-07-01,122.53564149803312,99.5327664349095,147.77383589131338,122.01646314766931,31.23262034967707,85.98928606273034,17.055287629746363,32.45250095354241,134.89097522679037,270.1168176488244,152.44872652188488
2010-08-01,76.82859220186958,109.34727963332743,104.85031778542293,100.12502161701053,50.48183736298544,98.7489435591201,18.05131698157466,23.442278513010194,169.49427066297883,197.9136539985283,60.48240258937415
2010-09-01,53.36043484841642,61.79629446271798,128.161307144374,112.38798936558729,10.211707464782172,64.02067865938001,22.794558018610488,20.395778560250264,177.51827116649332,178.05013424826362,192.21896179294086
2010-10-01,95.99048875924606,86.695125126014,124.42183536167093,69.87320010604016,5.4032455107829875,23.717686669028073,41.40006262583119,15.806632747300876,171.02127841390794,182.3304072113802,207.7745288385448
2010-11-01,60.44609141234336,60.11692815390541,88.9944486311415,121.58826705377123,32.541445205384036,91.08744694197507,107.96049022461865,26.051034931780737,128.89478178825487,242.84080295087853,217.5977460763375
2010-12-01,48.89645120604202,29.635819428268952,15.915162506965226,33.76369951520734,44.57837415716752,152.2806356882302,195.07952489647664,12.138842472583775,86.2776553286302,176.35668657906064,211.5461452948398
2011-01-01,78.56460136093796,40.66531797896849,32.393056658257606,55.99738997895321,33.046929409238196,112.33970164955495,189.13057111291883,7.244962934483765,77.17576706372647,126.77882479017113,147.33089176400622
2011-02-01,76.27847336982288,56.740451754159636,46.019066286756384,77.36972722896117,35.0577161860281,93.08224286478328,140.1934677980012,15.589736963666313,79.57345657538306,135.561129063525,164.32540835190028
2011-03-01,121.31005201475637,77.95312700092494,62.76913613201528,65.91795591753251,2.273658566722415,45.15697781020476,168.05919863243054,6.733832199554273,101.07787802636868,165.71695111687066,103.17729014537319
2011-04-01,110.1553692037431,91.34250079911726,110.47004513051206,111.70406385596999,38.89066696109177,74.7334834130651,93.30259278909693,29.206026903357618,125.89824227201376,199.1105359923755,116.82949961506665
2011-05-01,74.77846370146426,104.41768376827075,103.54684907257543,138.0708297936751,48.694895409302326,37.0424599394229,36.560018594061084,39.48857568797696,122.0003735975996,275.3243885138598,187.62973246268473
2011-06-01,110.21904207505698,92.96223671221188,96.96972693037593,201.59995974797428,79.60974817358944,75.56530349576596,19.722607967065915,32.946242990693364,99.12540087586984,230.67693731016956,135.6595033771563
2011-07-01,75.37523852527109,111.19252147898825,133.21539452550718,198.822623836708,66.46261044943124,45.19537219449283,21.9240419311321,32.22560699024241,119.9851304329246,219.42904511170894,194.41526704919946
2011-08-01,98.33592476544008,136.41865414373817,184.00894866021136,178.39598387394096,61.55187204533193,24.460432363069433,27.896824594603647,18.091368686980307,153.69872669918792,176.31073407710002,108.30839718943179
2011-09-01,86.58229723826153,77.08924277713538,151.26584709904404,182.1991740873489,27.988768189523377,14.307529974647213,35.135640896961846,10.075725393657521,189.25718845490567,165.45362434194783,190.8235474118061
2011-10-01,63.990135793896116,61.70242925590253,65.84336789878256,118.56869838621927,34.505116422665154,36.65229275889941,62.74762240484888,48.837305919879526,184.71995779132394,185.6651375052526,170.52603131679635
2011-11-01,87.4957005414833,72.6679210339626,33.85837212817496,78.61286627065665,12.415452483226668,16.877924393186213,134.3743593211855,16.518597551816196,114.19136219271167,196.07598409257633,141.61952079751086
2011-12-01,91.64129869778587,63.460593042587846,59.40564117660492,79.67987992417932,21.077857953372913,51.40657142668701,188.20725398213347,24.643820329648904,78.96018544352727,146.70432143880328,200.9801109537904
2012-01-01,86.30636451105134,46.74181579513457,47.98106571475467,56.8576683276617,11.192898463627895,152.01691009657134,186.74022333056666,57.50982035534401,55.14411862220835,138.5130238076287,182.8478288273954
2012-02-01,140.3306182387036,87.86541423506115,127.47936935856286,212.45788276605109,20.056084269776804,47.1852537712804,143.88388972439168,18.801282019803796,81.09149213263785,126.59091939743284,152.85438867277313
2012-03-01,120.70697964131716,114.07232245641698,129.00758496679552,130.15511030322963,13.422267231210988,107.64575887483966,157.83067011564975,52.774123682164046,90.7226531627674,147.37685335238888,130.08440270941495
2012-04-01,134.151139510475,101.59919598830746,113.00100468320636,179.77632154872092,67.32849312986176,84.76098902421963,94.27500470910041,36.94292181758743,113.48173057738222,200.53730250968232,124.17994650887161
2012-05-01,166.4891390690122,153.88784896485035,127.5247590682513,118.48602271667748,39.19523650729327,61.00980307862673,43.347006200500005,69.65114183132347,142.25095687036438,248.89033677225726,279.37310343970137
2012-06-01,120.15673008014245,112.8659085901011,75.84622143248059,121.21791373235112,109.56756648990233,122.83902131645807,17.470361109451066,19.159223562697512,111.91926373385641,185.71411052140283,232.69571242439514
2012-07-01,122.92987761533573,81.18671558977775,93.48550659381067,184.6196269706102,59.44490234364882,34.54759539809467,14.285850074783445,15.636354185230067,142.0903975667238,208.57640382342584,118.10834794384115
2012-08-01,85.2283793525572,132.55732767504813,226.3096136088133,255.84757963761868,37.92324683790131,15.328316644682287,26.668199005048212,18.24654817691656,173.66931920065096,209.74777659203363,100.82017662502138
2012-09-01,75.14300528724311,59.43614978498502,89.80273190554851,142.09381844795465,31.489615136030647,16.313355128170283,41.00308335785369,12.356916893863296,169.62953582746619,123.23201809108008,195.75955775223517
2012-10-01,62.28394426010395,55.04937886547063,127.92430779070862,109.85311368109467,24.200904746422786,12.390134899082272,65.36967252763425,9.916803848923161,178.7389326909523,179.59993246211621,304.85454146499274
2012-11-01,99.35992431344613,85.72479019087896,105.07547889642038,161.0520305083548,26.521838456718314,22.21607080225737,108.11593929584068,4.177184501157715,133.9247768005683,121.2253478349686,172.47436592203795
2012-12-01,101.27043906627351,76.451185570223,81.97114178826097,155.85286934998965,17.71907190218589,32.06089129215703,193.96522862284465,18.669856659620084,95.92913522724858,133.73881271329665,195.29265718282548
2013-01-01,83.07773238900842,47.11777993254808,82.65989131207948,104.49222796941791,22.350760035212453,32.74029684246312,234.44851322924816,8.656555552694613,66.27440277914566,80.72416048366695,143.1843518858781
2013-02-01,151.588515622027,88.97917038275784,136.56584462884646,144.47142681966454,9.331329002870072,113.4740921324152,144.9819186685523,68.5079596959655,70.94201558908954,122.48323054284053,135.67603154680492
2013-03-01,124.2031660502705,92.80997556650868,104.45073808510224,105.51779371282697,28.657345458787237,49.24613702142558,162.7079022477553,66.31562633286416,127.22899879752786,127.80205098841901,113.39592395082543
2013-04-01,128.0361152176859,139.55589997928072,141.7611003356215,108.00188794454982,58.48832669386357,112.62079643876383,95.91406510106995,58.3944954440673,137.49295267742747,189.8252816705953,192.37533903939521
2013-05-01,104.21433455703115,125.76941205387352,146.26246023750664,144.49063104814815,50.71264040335689,104.86908289398241,33.39203589574535,38.08580705252849,125.88489839150157,254.00666865790578,124.83917804672659
2013-06-01,111.14244268348891,112.46744306959573,195.30887198295653,180.36491071273082,28.446941979362013,101.28626758188943,11.568156386458412,25.533774242770573,110.09034582775861,213.81759774391367,196.02458098742824
2013-07-01,112.11722694401186,110.2888315079685,254.8580766084131,207.58557136897096,49.34343558453993,30.575664144853757,17.508581834552846,34.24645075066611,130.20958236409726,184.31974747833857,111.63173887189016
2013-08-01,110.84215358258469,129.821498709025,258.0303331403316,250.8872267668717,36.34362010167887,9.562937555111967,22.35515363798321,16.016787943652194,154.78188708004492,197.44502356557533,138.3787871805994
2013-09-01,60.34369852686208,98.61910182391998,154.09743571131415,120.32399549057835,44.371514240732175,13.837389805376354,35.912791405724185,18.232350712462285,162.55252760274772,160.85231353077938,181.66041197813257
2013-10-01,55.53177801128926,76.76726726065826,121.84281499395406,127.75192801115931,22.58365370528927,10.639555943501357,50.95794592432276,16.243436876544802,177.58626965588755,147.15994499325438,146.4798569380656
2013-11-01,70.77354017102893,65.4048277076165,34.216889168132056,146.68926202226248,13.166660781077399,19.847731980896548,98.85222133376051,19.393487506980268,126.82473920195245,152.5503209902624,175.26327389845432
2013-12-01,105.70413607580764,60.95705686949077,104.71250378964814,137.18682765924277,9.407842440013008,63.972649564190974,189.19185371203764,17.384019541602765,94.8351422312213,133.86845447776733,171.2085009641872
2014-01-01,110.53288661266703,46.92399791377982,52.54111215544181,73.00338135968167,7.074373679754169,21.94862640684958,199.81273066544975,26.102210601761062,65.521471708477,103.78695806594222,138.20726310560673
2014-02-01,141.4572136738321,40.84957082423122,92.42355305833985,92.80421755834095,13.23138558864459,67.35100621951648,179.568796255343,54.86916800236346,73.64461412389717,115.90503051593556,185.42164580206273
2014-03-01,144.73156570661655,72.44998332385471,139.23317019107466,217.01530142926643,24.866428171222815,141.40584024377506,169.7662035222115,71.64436402971417,106.77922884465669,120.32801753609931,114.22175375029657
2014-04-01,78.93025158378455,96.72757854216282,129.94445931844209,135.96628308279554,48.8241362286058,111.755059529704,98.57777839886816,74.0186516846719,124.86857375288695,156.109915357903,140.85370559483073
2014-05-01,183.25303873226082,141.56925941052708,162.16007138382298,154.31122428025722,47.72533802596601,82.87401561119871,31.18546480289289,36.60064472684175,129.8899782919215,199.95091626774473,172.78256925473642
2014-06-01,109.6398827937034,97.69160651979819,64.89109312708001,95.95100133172686,52.16434695463401,119.84095851947464,18.11666809117343,35.031818456201954,109.45660601601425,218.0803858994011,212.8875937556198
2014-07-01,105.42271060740352,154.23021316659973,243.37036788994146,220.1989545868508,38.196943039592426,29.840718805388132,17.9695473558536,11.786768403151331,121.03665271397672,170.37451692044849,148.03272522096793
2014-08-01,83.1289048265119,128.83542135616673,179.36032345043512,163.9441408992317,53.47297243254382,16.169006120178405,25.926265192962237,50.10873047881112,148.82873479115344,184.3765364053455,100.41065946919502
2014-09-01,55.29112867541993,89.81970904602295,106.85578572711107,168.54362904970355,43.02927778822979,20.745357784714844,32.7721857467676,10.163910706957367,164.54712098191527,136.73758858050005,320.7861185060703
2014-10-01,72.9895684977596,73.26944768723422,121.44523896118235,144.18046288395948,22.964016391409967,6.2606054852066535,57.816350512924835,10.024219670416986,152.74105226590993,169.1492034772278,165.405454378968
2014-11-01,44.79398817625856,57.937156111136076,113.13496018966515,93.44353205042768,9.675603962807482,10.650081187693923,100.47429113700464,4.713897623882641,126.37841327591474,167.96964278227762,240.4506040428458
2014-12-01,87.98239470266864,45.04527100064342,36.82847431866906,109.24188313189505,4.885528531887285,96.25735274109817,193.2905797512922,24.15607438551737,86.1355189982571,118.3648722302311,202.78696036715525
2015-01-01,145.48962528933538,57.55772073706735,112.21256845117476,169.4378841341767,13.63064259841044,11.873373871630138,198.12264303566494,113.5859438067898,63.59995419867595,116.20788355873106,154.98346254965136
2015-02-01,74.49150270113907,40.360933896603996,98.58055372897276,142.81332762472138,16.224448195823552,113.39620204312884,150.3992664937896,21.157972585780843,81.59652843240346,97.83645737736008,121.00859624928167
2015-03-01,113.34997627429989,141.5151537389196,151.48640536561737,157.47795359029902,32.25672833661363,88.53850268029838,119.9432977401807,23.450157025122554,115.49435326773705,142.01837163749877,107.29977772694185
2015-04-01,68.83560944585437,128.9998418830538,158.6818926351422,107.11083521375407,62.468220558118105,289.546083096717,118.72043292457448,17.614240768627848,116.91092572378327,158.717722534066,126.5151789155203
2015-05-01,98.56709477848311,130.316879795228,117.20474765234466,164.085704586607,33.88045084500671,31.805273762509554,37.91279459403111,44.101349844913955,135.14918067439953,197.70058907503758,255.2012946652112
2015-06-01,130.68496481503007,91.35540950129953,51.993780317823465,104.8001498319243,67.82725906539278,36.82588697778298,18.378352918443827,44.30359946125414,100.78589522561158,207.6432426823671,203.1858250013862
2015-07-01,91.41843849337802,116.36949831808472,149.96899633649022,164.24915987444606,65.62662120027088,35.27949216897526,15.890216095599543,15.41266954984395,119.76072979901056,193.24317868521433,79.08921906427118
2015-08-01,87.73466035074398,117.05434244742055,196.05488101472338,208.86185434314265,35.23161296982459,37.97473912406593,15.579218786793673,20.949929501919495,151.9215992670166,159.45212279495985,134.84702735351675
2015-09-01,70.89507825837947,101.62470834103482,196.2086958397206,142.5640348056488,41.26893324747863,15.650376548243784,25.71484866148155,16.94565595138118,171.03501112661357,115.24231458089943,152.85360360944088
2015-10-01,126.43170896455953,107.82241170816852,85.54662657222391,75.85467389198415,26.442767307478018,13.941721927656028,53.69315358702089,20.42669682843617,166.46605613518196,115.10920009843798,247.60548349616477
2015-11-01,105.1392560044386,58.76442886708543,72.36200357350445,70.30262802464372,13.941488708793779,4.533484241621655,130.5253067572011,25.175554675265545,138.56867747166405,137.2319581358951,181.47025280388922
2015-12-01,98.49017449966557,70.69962167641208,123.2970323530357,103.84493991404159,6.391413985201982,13.024722511956755,177.21947151726343,9.401132108531955,82.91379817137958,91.60966593217506,167.14051118378276
2016-01-01,56.15841959315683,64.79588537421782,113.36988945645841,165.5426220701679,25.881814008680383,93.15054696920838,208.49999665879173,148.04320785697243,62.97485398544455,48.35797218224582,185.80437924400755
2016-02-01,102.0986980124169,46.44517174898164,34.532725143491426,72.91076583548046,5.929459172720086,31.680811529319755,141.094546843407,72.59024788053532,68.313859953646,88.98703823714581,170.3552123709372
2016-03-01,168.39917983239906,89.09276289712572,83.64466062623138,136.5718454982001,28.060898309792428,119.32075672460952,156.04262022152614,43.344465487425765,126.45187082386371,121.9656938771675,176.31327081220923
2016-04-01,181.06768259131445,169.49283099690678,224.8074219548621,309.83922677037,29.262954474082086,184.03737007400198,112.33128993645254,53.45254346830358,154.46393149770338,206.6105588756991,161.30530728188842
2016-05-01,137.2790049424162,158.36518021951096,148.47604480398323,139.51837399127945,22.30063013945185,118.74655686937896,33.68345181669317,42.17566521860475,142.87926629350935,235.04772166083475,102.73203870190957
2016-06-01,125.61491338074562,101.10955585468405,100.55412280923045,125.32237933945447,48.92838268440749,161.1281407408193,18.278910129906635,28.272498751718867,114.44769348081873,222.5837831319176,143.73013660468519
2016-07-01,72.87908433669239,127.65557276226039,168.7178597956912,174.33945539708574,49.11247872961442,145.96918952551053,21.440906444720746,48.54119650674696,130.2007598736635,205.51379494753914,150.37562801410718
2016-08-01,124.4438328671279,123.17367228685919,161.28336939269454,221.46188091135937,44.25624790941391,56.22467223464554,15.72000055001441,27.255153376959715,161.62434156608478,161.48979649945434,267.2810154066416
2016-09-01,70.6175419853374,112.21552727176191,97.42493356339799,123.50066781021842,16.415706683715253,73.10503094885692,26.159586372760703,19.252212084718604,173.87717852895503,159.72453886078085,124.05759653627604
2016-10-01,109.4661783558454,100.18467012151233,158.8971616753585,155.70067612691162,12.313568018843212,161.5425490537176,37.314686342784064,5.5186891050066045,153.20666644992684,164.79534569553334,153.8743981056141
2016-11-01,87.78594316176338,76.5952409272611,110.12757803792046,77.78409679005186,11.418574390931946,64.78282776221268,91.95059354177502,5.9429037674230525,128.93918209378327,175.66232966213482,239.1294484896638
2016-12-01,136.13251144552905,52.80631190477854,139.17948562337483,92.46791224243353,6.363837631513147,61.47834553326768,166.07212388625643,5.214870701979821,91.64312550552073,162.31653303871735,166.83321959758524
2017-01-01,93.26895774479485,56.88412985074054,79.64623569042332,38.821104187154404,17.38400316985633,79.07493873221883,214.44331535769723,6.070120174334528,71.60243049060365,125.91949066976386,170.5091937816433
2017-02-01,95.3654892033269,63.73352124531394,99.88845120954372,111.49327231112026,20.973250386641876,16.73987075834359,202.304361581186,13.436765116043029,74.40086929440771,109.82389800881694,142.41301616335798
2017-03-01,135.64175936307197,71.02392074183751,116.96555771096158,146.9924706775212,10.881061100282107,101.66649373734009,175.86312145581223,11.20911747648085,116.87673865895307,157.49349394795442,151.60590738194617
2017-04-01,49.99668824149332,115.86036894811184,207.82498470485064,187.49201983911732,7.619783811299649,71.37019705078555,96.90720931505561,16.232523673975294,134.1030167335314,169.85067539681265,176.8472351984487
2017-05-01,63.26975879316684,105.82336993135513,127.34774449097094,182.12953986843732,19.892427973194792,20.219291345836876,43.891800207984794,58.43215853617366,140.39140877105854,229.74283982226504,178.72312729033874
2017-06-01,166.7352191599772,138.55772355768437,196.4747708311951,231.9534303051897,40.26205390840952,65.68959372231133,13.444063635357931,55.54170465932617,112.16977889317457,218.93594947439718,203.24583212607826
2017-07-01,111.19501908647148,116.38966660792937,141.1546389719252,134.7417853066761,32.7317539446371,17.965122038773085,18.717443696436543,45.118645242349785,135.17316330761076,207.8178856329648,105.30420933089931
2017-08-01,63.4200537896445,120.82662919184898,159.77994169649332,250.27948149217573,34.091173078096155,10.413859968694904,23.23512526457186,16.610360276129907,158.13640922369817,163.5590692378853,139.92673390926151
2017-09-01,82.62219921933752,87.10332559917724,144.90486574204445,142.9829238875853,25.309309780848007,7.205309522302215,30.638557136962795,34.11125421699291,169.6388014210161,185.92130401194098,180.1905123057551
2017-10-01,78.77081057950554,68.2026908199607,140.55440607970584,100.51010134498843,13.82520398295768,4.997255332903006,59.88593921315396,8.815289038337946,171.1642400382915,163.48481762744944,160.8289470098004
2017-11-01,90.97599248451822,66.0289004300247,62.91985800121038,66.61631215998896,7.233920635950686,29.960016597797097,126.57952005194329,12.544105002141999,145.15595324635305,123.85593874790175,161.93700114866257
2017-12-01,72.35105079871796,50.543110972754704,102.71270018902291,139.64559474912252,7.43937499684283,25.525793045496286,187.9297994584444,7.274791398097442,89.06540496196294,134.61468063826575,195.15664938466725
2018-01-01,75.52897385517862,47.7983812848421,94.51458583968768,110.03393137689564,9.086783740916268,152.99025748584904,174.6727779450739,21.63471031638946,65.61899439344816,112.40969635418301,159.12734497280945
2018-02-01,104.25460315991279,83.50425408312869,97.69794571756721,87.63193225953462,6.011551314842538,27.13044778947362,183.8456646514432,39.19643999351152,89.13963783807284,80.51136574221913,124.0053168983542
2018-03-01,105.8528232974122,89.40811174578955,47.06398439674104,126.82487188765995,19.943495999812875,57.324066308832734,175.3142499919421,37.814698375328774,113.00250675064326,112.1382112493222,95.35152904492303
2018-04-01,110.25173428143762,104.69373866945261,109.47542816936043,167.60228320989455,13.477343680134338,49.601038652821806,140.08549231050768,25.51779927403594,142.62566355049267,206.20696601980094,113.87814393741327
2018-05-01,111.84106174202874,133.99112611512788,190.9276584195684,203.07495122972412,42.03657872940875,48.16007466601124,47.64198089786906,70.35954859435067,143.09805667305324,231.3165956202011,169.1367518378576
2018-06-01,195.81202006929925,121.87648434397396,154.32800003148142,166.2724879443701,71.57878084328415,73.87048651702088,17.767070621120272,55.19727758809553,112.06198668990474,235.83845179476847,174.41804516081288
2018-07-01,81.94362612163295,110.12034230783644,156.03656765571452,195.72996837053327,51.38428113432353,24.17687554966467,22.47126904757569,14.041937946986735,128.74620837592323,211.53561462849402,83.87134640290307
2018-08-01,89.3943329273691,158.1309303741066,185.93452587216416,173.2638557626457,38.27675903696906,18.37486797849843,21.860364709218942,22.145399964855063,155.47533876653128,154.8355709721395,125.3579217413648
2018-09-01,71.6334237880872,90.25921318933305,70.25386439663194,53.56644392545931,10.024765450621855,6.820860495950951,23.297429676085024,17.003251011458644,167.96239792773272,167.03182646710286,121.35770664161521
2018-10-01,88.04988275037356,77.2994762602089,115.07110581842258,150.95149423471565,18.4432742811991,11.593375078404431,47.8068962775527,8.204475426159688,166.2116170139113,156.47244525092495,210.4149033635252
2018-11-01,51.20570066756018,90.22697669872211,86.84851911002784,90.45884446351577,5.151209519309179,22.481406822424077,107.29665812511341,9.134150739349053,130.36539365872414,148.92532693179086,140.43039163662345
2018-12-01,96.76916490386729,48.83129267888589,38.589087946117864,112.93133746651544,4.895444167412195,2.5034157581026597,192.74322232468836,15.293076905656978,102.64117338898492,114.96137090891328,163.2345163198243
2019-01-01,109.95847367560648,43.404338636453666,59.69467279111988,101.46880384991644,5.649142678614241,39.601616825445205,197.1331467350025,19.08723374445843,72.41770421966838,91.4174634095141,131.08074301905538
2019-02-01,99.65142376059138,77.04117977301327,110.54276189707552,150.32245796050807,6.011093819203238,3.180437164814151,163.10915481164147,44.782943795516616,79.25618047998267,83.1154225274931,170.3748368696327
2019-03-01,103.44132179870785,93.67403231854281,187.9563500751751,115.68807605214623,27.943636882213767,138.48910654095525,178.03869227322645,26.52876568390723,116.59487925274,96.45298956676778,185.16874851870864
2019-04-01,110.24194817231557,108.81616553744422,172.22193436318727,136.66792418089582,13.880449267405888,45.332901797313816,101.39508467378145,61.574942733020826,128.95997641915775,156.4584278647405,144.67594581775313
2019-05-01,124.53165849493828,143.2643926490456,101.70657854580546,76.04732998475275,37.39449006040092,24.784510480780067,42.27836780295726,82.3443643585122,132.40393325362163,261.3074395712793,198.5347639702374
2019-06-01,132.10658195462935,112.230808926686,125.0420262026204,117.3685548159745,79.67490219674623,32.1366282958141,21.606429981397902,55.80040329540339,111.77427736730529,225.9198511670027,233.93362556086757
2019-07-01,123.91411504016997,97.8972909214175,235.74015355409048,204.53185633049924,30.75500828898215,21.76857392767113,16.207132995817098,38.39676755837684,127.44370431069594,197.62200763353374,161.4834142984173
2019-08-01,110.68298517154545,137.63191064543514,184.10777549584986,127.20947810624313,54.520929672158246,21.835740264656756,20.90596168311879,53.26484298434322,153.15903885456316,186.36781077938872,85.21743289573644
2019-09-01,63.10057944137045,58.72690426090333,136.5081457300939,200.53314342582837,24.740938317448364,11.610214785867932,30.922214503631743,11.000709932050764,180.04195865256307,165.08043855061203,203.91712738553056
2019-10-01,97.00835483778107,101.80832822888237,85.44408151433095,73.99235547638108,32.42354191123322,10.387924294121307,75.64724231360844,59.56274394504903,194.07185895192555,163.56954971828873,132.34339467617986
2019-11-01,118.92132222208957,87.49211896502212,117.16886529689265,83.9759810049154,20.082161833518395,7.738278879885687,126.5822992630352,42.98069636009503,124.94825804896833,138.85246732054384,146.62514825959875
2019-12-01,78.51685983486058,72.95671283312657,110.73929222572059,69.23654368789373,11.888851062495174,16.195154318166058,211.24315720269448,61.92917053136184,91.8248645494783,145.03595426586656,167.82674080427495
2020-01-01,89.60591868501551,37.21903009833894,52.97609360181362,48.43502508915787,8.557849679748285,48.720953655958695,183.93735105013886,43.64192073765685,58.760825391881056,74.30433423139924,187.60730579383954
2020-02-01,83.17855274555694,37.3320278612695,50.139429015404325,51.314727450697895,17.26905280911309,43.116330705358465,186.36483601112602,56.796096272595165,73.60603981383215,72.81220577826528,109.3379991402177
2020-03-01,105.5439370081251,85.07615451226532,66.91345515771417,79.40433679290884,18.368755180650552,69.38865655318797,150.6683344549808,74.19408020624797,107.10602583366466,101.81307643010241,158.79398203158135
2020-04-01,168.22510624815263,122.28874797815047,94.03584931451675,161.38843493760032,53.046804001321945,106.3580305258226,108.25243035975403,53.99207089906686,126.6068285275078,156.45635307164466,148.4635631233291
2020-05-01,152.22273275764454,144.9419103541585,229.30851091073316,183.89288869359262,54.85464019374706,133.25487013472704,32.26365641343808,26.975804536390957,134.5916889005522,224.69349529738938,208.9252338128071
2020-06-01,133.4108266955575,126.04776687127227,151.12745764156122,132.95448076219012,53.722481555352594,24.226529505044784,18.139562841148084,19.109376757705892,108.09762755945019,224.00276404346494,189.32425362705766
2020-07-01,166.84626537329316,118.62286807602487,138.43396462472924,159.753760668845,41.809034755246046,25.91103017494326,12.724204985496977,29.808505344059622,133.84943939862464,206.35827790650765,147.43996825096465
2020-08-01,80.83855725944667,91.28403214794002,173.11477336900765,167.9202599538623,67.70766857020317,31.28040299871164,19.88779853150855,39.7713672169314,140.50495581285065,181.56783585924143,82.61949957841219
2020-09-01,75.8027976315585,75.92580512294101,101.61651681455814,96.4948207280291,27.10053154472599,9.99601803441617,28.490629943047594,30.424736531327376,174.34999078752523,152.60976209696207,217.31712527122022
2020-10-01,95.98816068095766,72.87366521805112,94.59856936057875,140.79032009144527,17.150291314505406,9.205947229037712,45.1225014861345,16.364656009550803,158.20523728030878,170.09356087909973,299.89331428325767
2020-11-01,105.49546813497224,52.09914808903766,51.349088893320776,63.089259337709855,20.723767426956446,9.191637652077892,103.91077515541443,47.34301578833572,138.60037234271945,205.4208019199341,159.27282532869413
2020-12-01,103.30959129296748,52.336981860898305,71.24493129349604,82.33974344362258,3.546903311845226,33.81258143497837,147.36337982611835,17.062280368401584,82.73467960186161,133.0370912734407,173.64452942561013
2021-01-01,75.05192347659232,43.86605017662697,99.07071164275108,131.93627291795605,3.529418973823043,137.87442686718538,164.25812587756116,16.436935377402765,75.8387497042553,135.23788695332757,182.0171942186405
2021-02-01,56.97697601476844,45.1481191191948,97.84399007270531,52.828748344519276,16.293361028978183,99.98230030466632,144.4079651493207,25.58429371639729,66.53488727675538,101.46705780247308,88.75461024493355
2021-03-01,104.68529777257119,79.36442958277287,95.6683401110796,123.88394469442046,42.866847436844616,125.38541626595557,123.87380128265188,51.68925400011749,124.17938962405535,162.07404008357224,116.11793022895652
2021-04-01,75.41584713308521,110.88703727660389,73.64229660582293,103.44465860905439,45.88082560375796,149.32455532431007,76.57294298743533,18.006387876290557,122.88917745965627,205.26011419089508,178.95483617169302
2021-05-01,97.47674075662488,128.08578099168224,188.7699659070407,189.48829790556528,75.36998481720136,60.33315728525971,37.12965256293369,66.0163878963221,132.53583559970363,235.72793649081072,153.33635668230082
2021-06-01,112.55630957055453,137.36707280981753,167.67607418853117,154.62805061370634,66.28908663426485,103.00686791144673,15.183257777568492,58.08687590881064,107.07957836356594,237.89540588656445,281.4274165924882
2021-07-01,135.4316542008879,111.7901113988066,137.19079059912607,179.85099054125305,54.88258583897584,70.30884699405887,12.380004135000359,21.301772590986474,116.92055815613844,231.5976126673176,193.7996406223568
2021-08-01,77.87695951316982,115.09636717250054,107.39333084076472,95.66440477724807,26.5205586366796,22.147353982051207,14.802187612704293,43.52409295193769,163.27826299353458,197.31789940877215,120.55378852679274
2021-09-01,79.45135968915102,59.20282731945318,63.962041691361584,67.68001375313939,38.98400975775491,17.528528841319638,25.510227053816145,17.426535460806768,179.00498118559238,143.28976090005963,146.3455857445903
2021-10-01,66.01873005686973,58.790043124458535,66.4741871669192,50.06804323875271,29.627957475915284,13.505543380816135,39.695207777670596,8.004608885164329,169.68639273822325,173.74348887539077,176.11957176507198
2021-11-01,50.44840825498169,53.404928257823435,103.44252796255289,111.70239504691794,8.198241957000661,170.6751252171346,64.83545699003955,7.006165002668877,127.42316446970966,133.49204284086838,162.18879547241914
2021-12-01,69.55245692293978,37.088871523940725,106.76413959072613,90.66972203433885,6.85512748681224,59.824253620028614,98.20601158095465,51.939518224236075,89.93346251143767,146.19169258567993,259.5853165186389
2022-01-01,95.30779690067874,55.262061855508904,66.57178008411807,91.45713961271407,8.077606242141375,27.118902799114107,165.4223754334452,38.77631401450707,71.20970775209675,90.19469453030372,136.8584935750302
2022-02-01,78.60566243106098,46.700953595581055,83.02169018612098,105.91998506909002,12.31599560891695,152.07666473995636,126.68171119036603,72.4415883806113,68.31521373045234,126.49965421177684,136.73661153562145
2022-03-01,128.45978530109292,75.44601198150626,121.36484161553827,160.5523328559282,46.11051518877993,146.28879408614685,132.58211065226953,56.02667955831931,109.32038348437098,166.3527734209015,144.22210452801684
2022-04-01,124.24084596536271,59.89398576671449,51.45893815496542,96.68045914787213,25.59469552191037,198.35727058953407,105.27963610060513,65.77018499767307,139.71445964947833,205.21941230272083,189.9188149863667
2022-05-01,123.4819683596659,128.2431352559458,175.4579865469057,170.8526177794589,56.03381472891622,100.23632352146872,35.79443006751497,25.16283500371531,140.28882232743737,247.46926447318037,196.7753597000526
2022-06-01,135.1933801058532,108.72605706396898,176.7532751214303,181.5947511781606,55.292711244022485,81.9446529833534,19.707051618234168,30.789802241240203,108.62468845425636,268.07618174921043,123.15719971295059
2022-07-01,132.18688919797088,82.00407593710425,101.28928334187819,160.43122176946895,53.067948902462554,39.38625512958931,14.145744606540939,10.784655763514687,136.1140717926684,233.2331189057119,172.82249189930613
2022-08-01,101.85104625618476,98.69000129388246,132.02828055104968,100.69961744236457,40.00403632502139,17.917193915521032,25.901881823252722,12.568595108754742,148.0959159538797,190.82008296156698,108.2410353252077
2022-09-01,70.19946524894918,90.74014711994332,129.15963254850413,119.60672025798513,22.856075178244676,10.574178520598018,27.802148314836423,12.158958095628684,185.97716302568818,180.1966548152491,116.2614226854681
2022-10-01,110.12630805380556,66.72696829961905,49.83293405295305,81.96910491720854,20.73228431229316,18.066825928010765,28.931139718297846,20.199129031169274,172.0377644845727,201.15685041268074,152.21103594851144
2022-11-01,109.10499360020772,69.53133529549872,100.6803856688018,59.92506034596431,9.182202924546704,40.88373525973825,106.33809360434225,15.160237794073268,123.07415011869385,201.14128133610166,150.28506761825656
2022-12-01,60.38445306661886,62.82654062035709,42.32087534046143,68.66056458390621,4.371439473114645,52.541711231250915,164.24222953959398,8.26666059094005,88.03982676964802,122.33759367173673,211.21575151445555
2023-01-01,79.85288564841665,55.82134785457081,64.6136414260364,95.40455727881154,3.68839290429954,39.40156606446942,150.5405632711237,3.435116573526881,77.77742922404788,126.66026256987199,137.48898941802315
2023-02-01,104.77007252432568,38.73957453875409,46.00326860717456,49.21964056621583,4.931688568650291,91.84340419494734,169.76531405749105,8.75711298118231,70.77359418357736,104.52211089639253,137.16886730287516
2023-03-01,127.49280407367418,144.28335355164242,190.25558053893715,156.33543186232797,21.210766760091712,56.14692277726981,160.05325422827698,97.50514385819639,111.48340536028867,108.15845961877955,106.55540663419528
2023-04-01,120.26890173551628,109.78424977548104,82.01588771639177,86.09863868329067,10.115781551946187,64.07360854819927,100.79897775086053,9.823514499777712,136.768873217316,163.31911669894055,110.58478431882303
2023-05-01,99.69779818181661,139.95222030829603,145.5618887850437,176.05429684919605,30.177414202919024,55.06364265805183,30.127538631181572,24.568546199554532,126.20289038716284,219.4458511780493,210.87692085252237
2023-06-01,111.56413534387639,154.24769492438526,123.85347800183978,115.38613416111467,27.541823679681485,61.93176092018727,19.451225813910135,97.6997862603008,118.89031884069736,211.58169873128224,152.04677157724913
2023-07-01,106.86844397558727,167.71307190110812,195.31802372455525,166.10739144235308,41.59833111249641,31.665059777236426,12.93262769362992,9.602831139738477,123.47649213517695,197.77690054117764,87.637990932382
2023-08-01,125.45090563138218,109.97260397271954,125.7072758431708,126.87633045083375,56.23854683147223,25.76427645023485,13.693315741158008,7.787206276259321,149.69820267869616,167.82768162098748,122.68956670951943
2023-09-01,99.54697188489848,87.86733093038316,84.02947646890513,161.23554808360356,15.606675195313109,3.372847068830364,30.738558401782285,4.658820136765802,149.2454523431303,115.99419607258052,164.3114449130815
2023-10-01,78.2250510894327,42.623784350563035,77.36388763657527,101.79438877304418,9.06828821934561,1.3952405359098214,60.47507969230138,25.808070048622564,174.13656786484958,168.13419254798646,318.6706332763229
2023-11-01,128.18251909636547,39.66419041727566,31.615967864439,123.7304183387263,2.664523249282945,1.2979185161049354,107.99915748545624,14.489968754359857,141.91650484181298,135.517113168634,131.49805028690918
2023-12-01,83.89410857274187,34.06841051690282,70.00300276630897,159.22656809779727,7.733767759899492,8.79264182782157,150.40297023600684,16.049928956139865,87.92469428251474,115.5064612731256,173.53419191229105
2024-01-01,113.02302751070181,41.856770158367794,43.54495568815264,64.76445853339324,5.275739244511554,19.994211037412196,168.98333459524937,44.74217194891367,62.4924960071525,72.65291202640327,141.09866558370365
2024-02-01,111.48914733628112,76.21602382056369,147.4578254394414,166.10252460822363,13.700216373256975,12.839940367319153,119.86851894253503,178.20634505560588,48.66995695976122,84.04750177339291,162.68213651237215
2024-03-01,156.83386028390154,108.2206195098602,127.45734101288599,151.63382926256136,8.546325802333229,119.73369467639932,120.40499440301103,26.05114819272914,108.60856298944009,100.20572532741942,154.60130829349208
2024-04-01,76.03848029385819,81.17190643919398,121.07667119934213,77.92190496687012,12.123844113696379,51.05641171777684,99.48213432142637,19.71192179374167,132.09715893428418,173.85774322627123,195.9952224326842
2024-05-01,193.01636068338243,89.56345823351076,142.1139005550177,148.87331855818562,36.666282680130045,23.723158706168043,27.079880537386398,30.80966803793733,108.8583515933714,272.28952556578696,115.8988021538799
2024-06-01,130.4885004484251,129.6303819287908,149.5396724981737,164.4217552312627,60.22619555991711,41.23417837360195,16.385726399810498,20.6359474722297,110.14751247014622,249.3003211019254,181.63659083848896
2024-07-01,124.94617270957454,114.77184334679586,170.5019789985159,188.92479800147427,72.06464254875206,29.014264842486735,14.11689847342952,30.61131036435837,116.9259294300047,198.31806451639721,132.705135621401
2024-08-01,128.8166936685638,112.92317552273873,185.64376095312068,202.9053876980599,50.98950834012627,13.373798659896563,20.39475387643473,18.612946439272733,155.30786142820796,164.85429729451226,309.38496976187315
2024-09-01,50.10689557079971,51.83874999914118,81.31685027081981,50.9497917703734,7.318171420919192,9.260594520120224,27.330681697477395,6.976837356861266,178.70466633900844,136.238411749165,159.5496054395005
2024-10-01,64.739778561067,91.01226693009926,70.4304189897771,64.23085509694138,15.687878537372663,4.614469997670486,57.712560882818295,10.82260395478568,178.20447376928254,127.71067031358726,124.85416496541959
2024-11-01,89.88528852095143,70.9233285784871,104.65541928606608,86.13991782252998,13.410880907242873,45.09409637361611,90.44051351737976,7.780860339400721,107.95244115742338,159.55294098387435,156.3624334759653
2024-12-01,142.32148872070482,46.05620402969252,159.8356681847597,116.81378750171795,3.6263034631779263,120.76236376539556,118.53901216076915,3.9782161532403664,81.61046092772574,127.66972294603944,164.82392702065377
2025-01-01,106.91788539619697,84.11071684515886,166.26414297234857,93.50967563890462,29.0384985407768,143.0800407591694,187.52496485028513,7.945830807663843,69.20247739412474,105.8876628455761,184.68337352328243
2025-02-01,125.27361083018548,54.3435369023429,78.52808280110594,83.77128622164267,11.844210654968117,128.88089667084313,160.73390642622078,63.048240909994234,70.48122724001517,120.13485298407792,96.21022677821702
2025-03-01,142.79512526598356,97.42693814491221,155.77428435777406,120.98722765339353,12.04067067408903,129.96326944433045,168.40034757070973,38.7926726769082,101.44309013350438,132.23745027250817,166.11234807893607
2025-04-01,92.60336661082934,107.24045410916938,123.1483843474809,144.75020518650638,16.33754584864988,72.85195361209419,106.25329014333379,30.986959201923575,142.28386845262003,197.795283955653,294.4771992351149
